dataset,class,k_shot,seed,support_calibration_mode,support_cal_median,support_cal_mad,support_cal_q25,support_cal_q75,support_cal_mean,support_cal_std,support_cal_count
visa,candle,1,0,patch_split_conformal,13.539084434509277,0.0,13.539084434509277,13.539084434509277,13.539084434509277,0.0,1
visa,candle,1,1,patch_split_conformal,10.872343063354492,0.0,10.872343063354492,10.872343063354492,10.872343063354492,0.0,1
visa,candle,1,2,patch_split_conformal,12.184097290039062,0.0,12.184097290039062,12.184097290039062,12.184097290039062,0.0,1
visa,candle,1,3,patch_split_conformal,13.098502159118652,0.0,13.098502159118652,13.098502159118652,13.098502159118652,0.0,1
visa,candle,1,4,patch_split_conformal,12.2859525680542,0.0,12.2859525680542,12.2859525680542,12.2859525680542,0.0,1
visa,candle,2,0,loio_conformal,17.538865089416504,0.8003110885620117,17.138709545135498,17.93902063369751,17.538865089416504,0.8003110885620117,2
visa,candle,2,1,loio_conformal,18.66324234008789,0.014020919799804688,18.65623188018799,18.670252799987793,18.66324234008789,0.014020919799804688,2
visa,candle,2,2,loio_conformal,19.04401397705078,3.526216506958008,17.280905723571777,20.807122230529785,19.04401397705078,3.526216506958008,2
visa,candle,2,3,loio_conformal,19.514609336853027,0.784602165222168,19.122308254241943,19.90691041946411,19.514609336853027,0.784602165222168,2
visa,candle,2,4,loio_conformal,20.361608505249023,0.7493820190429688,19.98691749572754,20.736299514770508,20.361608505249023,0.7493820190429688,2
visa,candle,4,0,loio_conformal,14.78223466873169,0.4226975440979004,14.568807125091553,16.062379360198975,15.848951816558838,2.3584381263628473,4
visa,candle,4,1,loio_conformal,16.006532669067383,0.7879247665405273,15.258604288101196,16.516395092010498,15.768466711044312,1.3191175642116202,4
visa,candle,4,2,loio_conformal,16.007697105407715,0.4914212226867676,15.683819055557251,17.24476718902588,16.920889139175415,2.0892718835332404,4
visa,candle,4,3,loio_conformal,15.190650463104248,0.9717869758605957,14.281944274902344,16.49964189529419,15.590935707092285,1.5231404093489578,4
visa,candle,4,4,loio_conformal,17.227449417114258,0.6554546356201172,15.950900793075562,17.878531455993652,16.601982831954956,1.5601897971594787,4
visa,candle,8,0,loio_conformal,14.548499584197998,0.5411462783813477,14.271343469619751,15.664306879043579,15.278520107269287,2.0556376112562966,8
visa,candle,8,1,loio_conformal,15.919878482818604,0.9575514793395996,14.68717885017395,16.430030822753906,15.503010511398315,1.3041515193354287,8
visa,candle,8,2,loio_conformal,14.715277671813965,1.5736727714538574,13.480586290359497,16.595558166503906,15.312387943267822,2.3327350723888913,8
visa,candle,8,3,loio_conformal,15.35901689529419,0.7288956642150879,14.737450361251831,15.731710195541382,15.286806225776672,1.055315841138462,8
visa,candle,8,4,loio_conformal,15.088646411895752,1.4573121070861816,13.701657772064209,16.38843870162964,15.101223587989807,1.6563635612711682,8
visa,capsules,1,0,patch_split_conformal,13.427873611450195,0.0,13.427873611450195,13.427873611450195,13.427873611450195,0.0,1
visa,capsules,1,1,patch_split_conformal,12.807280540466309,0.0,12.807280540466309,12.807280540466309,12.807280540466309,0.0,1
visa,capsules,1,2,patch_split_conformal,12.235518455505371,0.0,12.235518455505371,12.235518455505371,12.235518455505371,0.0,1
visa,capsules,1,3,patch_split_conformal,10.667563438415527,0.0,10.667563438415527,10.667563438415527,10.667563438415527,0.0,1
visa,capsules,1,4,patch_split_conformal,10.481513977050781,0.0,10.481513977050781,10.481513977050781,10.481513977050781,0.0,1
visa,capsules,2,0,loio_conformal,15.093226432800293,1.0911455154418945,14.547653675079346,15.63879919052124,15.093226432800293,1.0911455154418945,2
visa,capsules,2,1,loio_conformal,17.890045166015625,2.8131465911865234,16.483471870422363,19.296618461608887,17.890045166015625,2.8131465911865234,2
visa,capsules,2,2,loio_conformal,16.116440773010254,1.455674171447754,15.388603687286377,16.84427785873413,16.116440773010254,1.455674171447754,2
visa,capsules,2,3,loio_conformal,17.77224111557007,2.690094470977783,16.427193880081177,19.11728835105896,17.77224111557007,2.690094470977783,2
visa,capsules,2,4,loio_conformal,22.82662582397461,0.936126708984375,22.358562469482422,23.294689178466797,22.82662582397461,0.936126708984375,2
visa,capsules,4,0,loio_conformal,13.05625295639038,0.9286618232727051,12.193398475646973,14.449149131774902,13.586294651031494,1.6871719876851605,4
visa,capsules,4,1,loio_conformal,15.96526050567627,2.486103057861328,13.316241979598999,18.436307430267334,15.787288904190063,2.678108768822919,4
visa,capsules,4,2,loio_conformal,14.947015285491943,1.2474465370178223,13.955499649047852,18.012435913085938,17.020920276641846,4.692403199867457,4
visa,capsules,4,3,loio_conformal,16.694060802459717,3.023613452911377,13.806652069091797,19.292814254760742,16.405405521392822,3.514305666942077,4
visa,capsules,4,4,loio_conformal,15.92283582687378,1.9135432243347168,14.74731969833374,17.520614624023438,16.3450984954834,3.039391687909029,4
visa,capsules,8,0,loio_conformal,12.738361358642578,0.6347270011901855,12.406127452850342,14.340227603912354,13.874579429626465,2.38018073434193,8
visa,capsules,8,1,loio_conformal,14.962424278259277,1.4451031684875488,13.428065299987793,15.878089427947998,14.659361362457275,1.665286545987628,8
visa,capsules,8,2,loio_conformal,13.904437065124512,1.230433464050293,13.193856954574585,15.670384168624878,15.510846138000488,4.007608433856314,8
visa,capsules,8,3,loio_conformal,14.040934085845947,1.1563830375671387,13.195024967193604,15.88506531715393,14.868453741073608,2.744948499408359,8
visa,capsules,8,4,loio_conformal,14.072536945343018,1.0107064247131348,13.595364332199097,15.298712730407715,14.292817831039429,1.1702022598813742,8
visa,cashew,1,0,patch_split_conformal,10.558572769165039,0.0,10.558572769165039,10.558572769165039,10.558572769165039,0.0,1
visa,cashew,1,1,patch_split_conformal,12.753143310546875,0.0,12.753143310546875,12.753143310546875,12.753143310546875,0.0,1
visa,cashew,1,2,patch_split_conformal,11.446380615234375,0.0,11.446380615234375,11.446380615234375,11.446380615234375,0.0,1
visa,cashew,1,3,patch_split_conformal,13.051393508911133,0.0,13.051393508911133,13.051393508911133,13.051393508911133,0.0,1
visa,cashew,1,4,patch_split_conformal,11.499361991882324,0.0,11.499361991882324,11.499361991882324,11.499361991882324,0.0,1
visa,cashew,2,0,loio_conformal,18.13883113861084,0.8669919967651367,17.70533514022827,18.572327136993408,18.13883113861084,0.8669919967651367,2
visa,cashew,2,1,loio_conformal,19.170801162719727,1.2206268310546875,18.560487747192383,19.78111457824707,19.170801162719727,1.2206268310546875,2
visa,cashew,2,2,loio_conformal,21.803513526916504,0.3562898635864258,21.62536859512329,21.981658458709717,21.803513526916504,0.3562898635864258,2
visa,cashew,2,3,loio_conformal,18.887398719787598,0.4613828659057617,18.656707286834717,19.11809015274048,18.887398719787598,0.4613828659057617,2
visa,cashew,2,4,loio_conformal,17.456897735595703,1.355499267578125,16.77914810180664,18.134647369384766,17.456897735595703,1.355499267578125,2
visa,cashew,4,0,loio_conformal,16.17803382873535,0.5344467163085938,15.77403450012207,16.601287841796875,16.197288513183594,0.6208379047072534,4
visa,cashew,4,1,loio_conformal,17.178845405578613,0.5003194808959961,16.85122299194336,17.55684232711792,17.229219913482666,0.6800252044405681,4
visa,cashew,4,2,loio_conformal,16.166791439056396,1.1206870079040527,15.101711750030518,17.56680393218994,16.501724243164062,1.558863868421569,4
visa,cashew,4,3,loio_conformal,17.149118423461914,0.2275991439819336,16.906209468841553,17.293575763702393,17.05066680908203,0.4313775087983412,4
visa,cashew,4,4,loio_conformal,16.090240478515625,0.32858848571777344,15.634212732315063,16.416505813598633,15.960478067398071,0.49496417035412155,4
visa,cashew,8,0,loio_conformal,15.812809944152832,0.5828533172607422,15.008309602737427,16.196964263916016,15.646316170692444,0.7664178189878647,8
visa,cashew,8,1,loio_conformal,16.55256175994873,1.2200579643249512,15.210384845733643,17.11816692352295,16.348602771759033,1.1633918606472213,8
visa,cashew,8,2,loio_conformal,15.077319622039795,0.8545694351196289,14.251006364822388,16.74648666381836,15.816360592842102,1.835975871926796,8
visa,cashew,8,3,loio_conformal,15.812519550323486,0.39178943634033203,15.303570032119751,16.148951530456543,15.911785125732422,1.08522466993004,8
visa,cashew,8,4,loio_conformal,15.529605388641357,0.9270262718200684,14.650894165039062,16.37980604171753,15.553199410438538,1.0493075791023994,8
visa,chewinggum,1,0,patch_split_conformal,11.526886940002441,0.0,11.526886940002441,11.526886940002441,11.526886940002441,0.0,1
visa,chewinggum,1,1,patch_split_conformal,15.72688102722168,0.0,15.72688102722168,15.72688102722168,15.72688102722168,0.0,1
visa,chewinggum,1,2,patch_split_conformal,11.334550857543945,0.0,11.334550857543945,11.334550857543945,11.334550857543945,0.0,1
visa,chewinggum,1,3,patch_split_conformal,13.571105003356934,0.0,13.571105003356934,13.571105003356934,13.571105003356934,0.0,1
visa,chewinggum,1,4,patch_split_conformal,11.759774208068848,0.0,11.759774208068848,11.759774208068848,11.759774208068848,0.0,1
visa,chewinggum,2,0,loio_conformal,20.140737533569336,0.07594871520996094,20.102763175964355,20.178711891174316,20.140737533569336,0.07594871520996094,2
visa,chewinggum,2,1,loio_conformal,17.923330307006836,0.9758663177490234,17.435397148132324,18.411263465881348,17.923330307006836,0.9758663177490234,2
visa,chewinggum,2,2,loio_conformal,15.63250732421875,0.08298587799072266,15.591014385223389,15.674000263214111,15.63250732421875,0.08298587799072266,2
visa,chewinggum,2,3,loio_conformal,15.98522424697876,1.298081874847412,15.336183309555054,16.634265184402466,15.98522424697876,1.298081874847412,2
visa,chewinggum,2,4,loio_conformal,18.16076374053955,0.7629232406616211,17.77930212020874,18.54222536087036,18.16076374053955,0.7629232406616211,2
visa,chewinggum,4,0,loio_conformal,17.03927230834961,1.0853829383850098,15.999528646469116,18.792078971862793,17.7523353099823,2.0951925878035738,4
visa,chewinggum,4,1,loio_conformal,16.88884735107422,0.21383285522460938,16.521756172180176,17.049748420715332,16.68265724182129,0.5624154614747481,4
visa,chewinggum,4,2,loio_conformal,15.654917240142822,1.620138168334961,14.172992467880249,17.906857013702393,16.42493224143982,2.720440351043511,4
visa,chewinggum,4,3,loio_conformal,13.713650226593018,0.5076370239257812,13.224169492721558,14.579529047012329,14.09004831314087,1.045716830924634,4
visa,chewinggum,4,4,loio_conformal,16.60594940185547,1.4315180778503418,15.230700731277466,18.07193422317505,16.696685552597046,1.5384445706717889,4
visa,chewinggum,8,0,loio_conformal,15.64676284790039,0.8854422569274902,14.971239805221558,16.812974452972412,16.067546010017395,1.5165607713948694,8
visa,chewinggum,8,1,loio_conformal,15.424746036529541,0.07973957061767578,15.161094427108765,15.49134874343872,15.33521282672882,0.7791801700375572,8
visa,chewinggum,8,2,loio_conformal,14.46930456161499,1.0639333724975586,13.879908561706543,16.566837310791016,15.11261773109436,1.6029193585443788,8
visa,chewinggum,8,3,loio_conformal,13.955326080322266,1.0074877738952637,13.128425359725952,14.91667366027832,14.184840083122253,1.3047591007442296,8
visa,chewinggum,8,4,loio_conformal,15.552989959716797,1.2701025009155273,14.29789686203003,16.363763332366943,15.748931527137756,1.4986194628502019,8
visa,fryum,1,0,patch_split_conformal,10.987625122070312,0.0,10.987625122070312,10.987625122070312,10.987625122070312,0.0,1
visa,fryum,1,1,patch_split_conformal,10.889638900756836,0.0,10.889638900756836,10.889638900756836,10.889638900756836,0.0,1
visa,fryum,1,2,patch_split_conformal,10.684569358825684,0.0,10.684569358825684,10.684569358825684,10.684569358825684,0.0,1
visa,fryum,1,3,patch_split_conformal,12.135611534118652,0.0,12.135611534118652,12.135611534118652,12.135611534118652,0.0,1
visa,fryum,1,4,patch_split_conformal,10.790797233581543,0.0,10.790797233581543,10.790797233581543,10.790797233581543,0.0,1
visa,fryum,2,0,loio_conformal,19.505656242370605,0.1987924575805664,19.406260013580322,19.60505247116089,19.505656242370605,0.1987924575805664,2
visa,fryum,2,1,loio_conformal,18.31843852996826,0.7812356948852539,17.927820682525635,18.70905637741089,18.31843852996826,0.7812356948852539,2
visa,fryum,2,2,loio_conformal,16.57522678375244,0.24541759490966797,16.452517986297607,16.697935581207275,16.57522678375244,0.24541759490966797,2
visa,fryum,2,3,loio_conformal,19.193958282470703,0.0031414031982421875,19.192387580871582,19.195528984069824,19.193958282470703,0.0031414031982421875,2
visa,fryum,2,4,loio_conformal,19.596782684326172,0.49551963806152344,19.34902286529541,19.844542503356934,19.596782684326172,0.49551963806152344,2
visa,fryum,4,0,loio_conformal,16.245346069335938,0.7336602210998535,15.602245092391968,16.92827606201172,16.28517508506775,0.8054127820761748,4
visa,fryum,4,1,loio_conformal,16.220115661621094,0.4742269515991211,15.29079532623291,16.563726902008057,15.634406566619873,1.4777779964889677,4
visa,fryum,4,2,loio_conformal,14.906015396118164,0.555138111114502,14.61849045753479,15.236228227615356,14.948703289031982,0.832588165751446,4
visa,fryum,4,3,loio_conformal,15.903795719146729,0.8009705543518066,15.22988772392273,16.5327410697937,15.858833074569702,0.9321779717807813,4
visa,fryum,4,4,loio_conformal,14.944142818450928,0.6233253479003906,14.240175724029541,15.466603994369507,14.76263689994812,0.9097066921595733,4
visa,fryum,8,0,loio_conformal,15.8810396194458,0.8918023109436035,14.645729780197144,16.220122814178467,15.427874565124512,1.4013879450021036,8
visa,fryum,8,1,loio_conformal,15.122747421264648,1.0662217140197754,14.07594609260559,16.14279866218567,15.197238087654114,1.4053087858665259,8
visa,fryum,8,2,loio_conformal,14.445747375488281,0.268953800201416,14.244990110397339,14.875446796417236,15.015575766563416,1.8451415591310611,8
visa,fryum,8,3,loio_conformal,15.098845481872559,0.7393860816955566,14.21094274520874,15.677881002426147,15.04765009880066,1.0221943678104424,8
visa,fryum,8,4,loio_conformal,15.602631568908691,1.0019111633300781,14.547801971435547,16.32850742340088,15.99380350112915,1.9509471382409949,8
visa,macaroni1,1,0,patch_split_conformal,10.398873329162598,0.0,10.398873329162598,10.398873329162598,10.398873329162598,0.0,1
visa,macaroni1,1,1,patch_split_conformal,10.180342674255371,0.0,10.180342674255371,10.180342674255371,10.180342674255371,0.0,1
visa,macaroni1,1,2,patch_split_conformal,10.680840492248535,0.0,10.680840492248535,10.680840492248535,10.680840492248535,0.0,1
visa,macaroni1,1,3,patch_split_conformal,10.563401222229004,0.0,10.563401222229004,10.563401222229004,10.563401222229004,0.0,1
visa,macaroni1,1,4,patch_split_conformal,10.692749977111816,0.0,10.692749977111816,10.692749977111816,10.692749977111816,0.0,1
visa,macaroni1,2,0,loio_conformal,17.97161293029785,0.305694580078125,17.81876564025879,18.124460220336914,17.97161293029785,0.305694580078125,2
visa,macaroni1,2,1,loio_conformal,15.926722049713135,3.1320242881774902,14.36070990562439,17.49273419380188,15.926722049713135,3.1320242881774902,2
visa,macaroni1,2,2,loio_conformal,19.343649864196777,1.4920320510864258,18.597633838653564,20.08966588973999,19.343649864196777,1.4920320510864258,2
visa,macaroni1,2,3,loio_conformal,17.138090133666992,0.42002105712890625,16.92807960510254,17.348100662231445,17.138090133666992,0.42002105712890625,2
visa,macaroni1,2,4,loio_conformal,19.256936073303223,2.084345817565918,18.214763164520264,20.29910898208618,19.256936073303223,2.084345817565918,2
visa,macaroni1,4,0,loio_conformal,13.567196369171143,1.0325870513916016,12.606041193008423,14.783946752548218,13.822791576385498,1.3724110106987797,4
visa,macaroni1,4,1,loio_conformal,13.543682098388672,1.4758224487304688,12.194643020629883,15.246925830841064,13.897886753082275,1.960572928315435,4
visa,macaroni1,4,2,loio_conformal,15.364906311035156,0.045590877532958984,15.327422857284546,16.63181710243225,16.59433364868164,2.1653608200874013,4
visa,macaroni1,4,3,loio_conformal,15.731950283050537,1.3433775901794434,14.323407888412476,16.930366039276123,15.521823644638062,1.6454722426326178,4
visa,macaroni1,4,4,loio_conformal,17.140603065490723,1.933244228363037,15.93295931816101,19.02426242828369,17.81661868095398,3.433698357845755,4
visa,macaroni1,8,0,loio_conformal,13.564826011657715,0.6725540161132812,12.7167387008667,13.970420837402344,13.881035804748535,1.752087311447352,8
visa,macaroni1,8,1,loio_conformal,14.308808326721191,0.7682442665100098,13.211796522140503,14.904016971588135,14.31994903087616,1.955044099144132,8
visa,macaroni1,8,2,loio_conformal,14.942166328430176,1.5708017349243164,13.536159038543701,15.673234701156616,14.951640486717224,2.0311950650629913,8
visa,macaroni1,8,3,loio_conformal,14.401329040527344,1.3767433166503906,12.180592060089111,15.40825891494751,13.936545968055725,1.6505136654427854,8
visa,macaroni1,8,4,loio_conformal,15.039267539978027,1.8099946975708008,14.366510152816772,17.468788146972656,15.747923254966736,2.1783082854793148,8
visa,macaroni2,1,0,patch_split_conformal,13.604782104492188,0.0,13.604782104492188,13.604782104492188,13.604782104492188,0.0,1
visa,macaroni2,1,1,patch_split_conformal,12.24433422088623,0.0,12.24433422088623,12.24433422088623,12.24433422088623,0.0,1
visa,macaroni2,1,2,patch_split_conformal,10.983128547668457,0.0,10.983128547668457,10.983128547668457,10.983128547668457,0.0,1
visa,macaroni2,1,3,patch_split_conformal,11.214517593383789,0.0,11.214517593383789,11.214517593383789,11.214517593383789,0.0,1
visa,macaroni2,1,4,patch_split_conformal,12.20384693145752,0.0,12.20384693145752,12.20384693145752,12.20384693145752,0.0,1
visa,macaroni2,2,0,loio_conformal,20.78156852722168,0.03907012939453125,20.762033462524414,20.801103591918945,20.78156852722168,0.03907012939453125,2
visa,macaroni2,2,1,loio_conformal,18.615370750427246,1.8655595779418945,17.6825909614563,19.548150539398193,18.615370750427246,1.8655595779418945,2
visa,macaroni2,2,2,loio_conformal,21.028886795043945,2.4131011962890625,19.822336196899414,22.235437393188477,21.028886795043945,2.4131011962890625,2
visa,macaroni2,2,3,loio_conformal,19.307377815246582,1.2367048263549805,18.689025402069092,19.925730228424072,19.307377815246582,1.2367048263549805,2
visa,macaroni2,2,4,loio_conformal,18.351804733276367,0.4833393096923828,18.110135078430176,18.59347438812256,18.351804733276367,0.4833393096923828,2
visa,macaroni2,4,0,loio_conformal,16.81135654449463,1.3329076766967773,15.88522720336914,17.875702381134033,16.949573040008545,1.7576069783834145,4
visa,macaroni2,4,1,loio_conformal,15.023396492004395,0.13910388946533203,14.892032146453857,16.424115896224976,16.29275155067444,2.2903750036981463,4
visa,macaroni2,4,2,loio_conformal,17.74166488647461,0.8862037658691406,16.954675674438477,19.04761266708374,18.260623455047607,1.660856483881081,4
visa,macaroni2,4,3,loio_conformal,16.54806613922119,0.36022090911865234,16.214454650878906,17.98788070678711,17.654269218444824,2.1721748908516325,4
visa,macaroni2,4,4,loio_conformal,15.445190906524658,0.7167482376098633,14.991906881332397,17.12403416633606,16.6707501411438,2.8889040743466454,4
visa,macaroni2,8,0,loio_conformal,15.599915504455566,0.9863615036010742,14.70276403427124,16.28072500228882,17.230928540229797,4.915767800111663,8
visa,macaroni2,8,1,loio_conformal,15.086332321166992,0.8074941635131836,14.32947826385498,15.950091123580933,15.851379752159119,2.377818471257008,8
visa,macaroni2,8,2,loio_conformal,16.363252639770508,0.9680333137512207,15.160398960113525,16.9986310005188,16.08504354953766,1.2718329405850046,8
visa,macaroni2,8,3,loio_conformal,15.560993194580078,0.6300101280212402,15.096816301345825,16.24579405784607,16.25561273097992,2.297828117958409,8
visa,macaroni2,8,4,loio_conformal,14.506041049957275,0.9559793472290039,13.657767534255981,15.379592418670654,15.462404251098633,3.087617974226643,8
visa,pcb1,1,0,patch_split_conformal,13.527548789978027,0.0,13.527548789978027,13.527548789978027,13.527548789978027,0.0,1
visa,pcb1,1,1,patch_split_conformal,14.85747241973877,0.0,14.85747241973877,14.85747241973877,14.85747241973877,0.0,1
visa,pcb1,1,2,patch_split_conformal,14.618033409118652,0.0,14.618033409118652,14.618033409118652,14.618033409118652,0.0,1
visa,pcb1,1,3,patch_split_conformal,13.659151077270508,0.0,13.659151077270508,13.659151077270508,13.659151077270508,0.0,1
visa,pcb1,1,4,patch_split_conformal,13.907137870788574,0.0,13.907137870788574,13.907137870788574,13.907137870788574,0.0,1
visa,pcb1,2,0,loio_conformal,19.429662704467773,0.4391975402832031,19.210063934326172,19.649261474609375,19.429662704467773,0.4391975402832031,2
visa,pcb1,2,1,loio_conformal,25.6392822265625,3.110593795776367,24.083985328674316,27.194579124450684,25.6392822265625,3.110593795776367,2
visa,pcb1,2,2,loio_conformal,22.675379753112793,0.17146778106689453,22.589645862579346,22.76111364364624,22.675379753112793,0.17146778106689453,2
visa,pcb1,2,3,loio_conformal,23.263172149658203,0.6891155242919922,22.918614387512207,23.6077299118042,23.263172149658203,0.6891155242919922,2
visa,pcb1,2,4,loio_conformal,18.49988842010498,0.4597635269165039,18.27000665664673,18.729770183563232,18.49988842010498,0.4597635269165039,2
visa,pcb1,4,0,loio_conformal,18.498245239257812,0.23396015167236328,18.330074787139893,19.501410961151123,19.333240509033203,1.665577792875065,4
visa,pcb1,4,1,loio_conformal,22.479811668395996,2.776963233947754,20.920324325561523,24.128075122833252,22.56858777999878,3.8196263792051752,4
visa,pcb1,4,2,loio_conformal,18.712937355041504,1.7060298919677734,17.281959056854248,20.371711254119873,18.940732955932617,2.096830560081472,4
visa,pcb1,4,3,loio_conformal,21.111595153808594,3.233445167541504,17.89331817626953,24.183603763580322,20.96532678604126,3.415252808727118,4
visa,pcb1,4,4,loio_conformal,15.95128059387207,0.47513675689697266,15.573407649993896,16.435019969940186,16.05714702606201,0.6625775406789775,4
visa,pcb1,8,0,loio_conformal,16.749011039733887,1.174168586730957,16.001776218414307,18.159735679626465,17.428621649742126,2.1695536793100048,8
visa,pcb1,8,1,loio_conformal,16.342143058776855,0.6262636184692383,15.935290336608887,21.70117473602295,19.033398032188416,4.297656482283595,8
visa,pcb1,8,2,loio_conformal,17.879069328308105,1.6803398132324219,16.383426189422607,18.63648557662964,17.800174355506897,2.036408503264074,8
visa,pcb1,8,3,loio_conformal,16.650168418884277,1.0919828414916992,15.867359399795532,20.18973207473755,18.288762092590332,3.1138987319748264,8
visa,pcb1,8,4,loio_conformal,16.14281463623047,0.3904542922973633,15.802735090255737,16.694266319274902,16.339116096496582,1.1169836507382653,8
visa,pcb2,1,0,patch_split_conformal,12.294386863708496,0.0,12.294386863708496,12.294386863708496,12.294386863708496,0.0,1
visa,pcb2,1,1,patch_split_conformal,16.03912925720215,0.0,16.03912925720215,16.03912925720215,16.03912925720215,0.0,1
visa,pcb2,1,2,patch_split_conformal,13.110898971557617,0.0,13.110898971557617,13.110898971557617,13.110898971557617,0.0,1
visa,pcb2,1,3,patch_split_conformal,14.404190063476562,0.0,14.404190063476562,14.404190063476562,14.404190063476562,0.0,1
visa,pcb2,1,4,patch_split_conformal,13.965967178344727,0.0,13.965967178344727,13.965967178344727,13.965967178344727,0.0,1
visa,pcb2,2,0,loio_conformal,17.656376838684082,1.0103464126586914,17.151203632354736,18.161550045013428,17.656376838684082,1.0103464126586914,2
visa,pcb2,2,1,loio_conformal,17.95120906829834,1.4541959762573242,17.224111080169678,18.678307056427002,17.95120906829834,1.4541959762573242,2
visa,pcb2,2,2,loio_conformal,15.904263496398926,0.533848762512207,15.637339115142822,16.17118787765503,15.904263496398926,0.533848762512207,2
visa,pcb2,2,3,loio_conformal,18.54025650024414,2.1662445068359375,17.457134246826172,19.62337875366211,18.54025650024414,2.1662445068359375,2
visa,pcb2,2,4,loio_conformal,18.380681037902832,0.7154378890991211,18.02296209335327,18.738399982452393,18.380681037902832,0.7154378890991211,2
visa,pcb2,4,0,loio_conformal,15.076220989227295,0.05787372589111328,15.029751062393188,15.605221033096313,15.558751106262207,0.8833107231585492,4
visa,pcb2,4,1,loio_conformal,15.662389278411865,0.16095352172851562,15.516217470169067,16.043864250183105,15.897692441940308,0.5315460940881372,4
visa,pcb2,4,2,loio_conformal,15.306095600128174,0.4084596633911133,14.959952116012573,16.756468534469604,16.410325050354004,2.2400116915479655,4
visa,pcb2,4,3,loio_conformal,17.90721893310547,1.1443424224853516,17.082972288131714,18.553306579589844,17.72905993461609,1.7778067501099022,4
visa,pcb2,4,4,loio_conformal,17.167076110839844,0.7792215347290039,16.742079257965088,17.89244270324707,17.467445850372314,1.507798157232004,4
visa,pcb2,8,0,loio_conformal,15.590222835540771,1.2211637496948242,14.611684322357178,17.39389181137085,15.881978392601013,1.352154413144902,8
visa,pcb2,8,1,loio_conformal,15.350958347320557,0.4275360107421875,14.93599247932434,15.769037008285522,15.531530022621155,0.8027114875430933,8
visa,pcb2,8,2,loio_conformal,15.21518611907959,0.740046501159668,14.664321899414062,16.989874839782715,16.136724591255188,2.0767125780416307,8
visa,pcb2,8,3,loio_conformal,16.156447410583496,0.6402254104614258,15.730230569839478,16.785130500793457,16.113401889801025,0.7020529238833045,8
visa,pcb2,8,4,loio_conformal,15.584490299224854,0.9636120796203613,14.681083679199219,16.796585083007812,16.215598821640015,1.9159507340817996,8
visa,pcb3,1,0,patch_split_conformal,15.661039352416992,0.0,15.661039352416992,15.661039352416992,15.661039352416992,0.0,1
visa,pcb3,1,1,patch_split_conformal,19.116621017456055,0.0,19.116621017456055,19.116621017456055,19.116621017456055,0.0,1
visa,pcb3,1,2,patch_split_conformal,16.309001922607422,0.0,16.309001922607422,16.309001922607422,16.309001922607422,0.0,1
visa,pcb3,1,3,patch_split_conformal,16.699033737182617,0.0,16.699033737182617,16.699033737182617,16.699033737182617,0.0,1
visa,pcb3,1,4,patch_split_conformal,16.10590171813965,0.0,16.10590171813965,16.10590171813965,16.10590171813965,0.0,1
visa,pcb3,2,0,loio_conformal,21.126285552978516,0.5790042877197266,20.836783409118652,21.41578769683838,21.126285552978516,0.5790042877197266,2
visa,pcb3,2,1,loio_conformal,20.368382453918457,0.09198474884033203,20.32239007949829,20.414374828338623,20.368382453918457,0.09198474884033203,2
visa,pcb3,2,2,loio_conformal,21.113089561462402,0.5885992050170898,20.818789958953857,21.407389163970947,21.113089561462402,0.5885992050170898,2
visa,pcb3,2,3,loio_conformal,17.81927251815796,1.9872784614562988,16.82563328742981,18.81291174888611,17.81927251815796,1.9872784614562988,2
visa,pcb3,2,4,loio_conformal,20.469916343688965,1.1832056045532227,19.878313541412354,21.061519145965576,20.469916343688965,1.1832056045532227,2
visa,pcb3,4,0,loio_conformal,17.394128799438477,0.5487947463989258,16.848907947540283,18.2815580368042,17.736337184906006,1.0163871785494616,4
visa,pcb3,4,1,loio_conformal,17.07183074951172,0.0990447998046875,16.98694896697998,18.123921394348145,18.039039611816406,1.750279859373834,4
visa,pcb3,4,2,loio_conformal,18.196898460388184,0.8412685394287109,17.62309694290161,18.86096954345703,18.28716802597046,1.1255182756614297,4
visa,pcb3,4,3,loio_conformal,17.874765396118164,1.3846540451049805,16.914427280426025,19.05023717880249,18.08989906311035,1.933183983062442,4
visa,pcb3,4,4,loio_conformal,18.780481338500977,0.5938892364501953,17.94133758544922,19.21880054473877,18.37965679168701,1.2872487832213997,4
visa,pcb3,8,0,loio_conformal,17.459232330322266,0.5254049301147461,16.690669059753418,17.666793823242188,17.313917875289917,0.9413359417956769,8
visa,pcb3,8,1,loio_conformal,17.1263370513916,0.6825323104858398,16.855613708496094,18.553925037384033,17.71428418159485,1.3245838711857658,8
visa,pcb3,8,2,loio_conformal,16.933377265930176,0.3088846206665039,16.72644329071045,17.595096588134766,17.47149896621704,1.2373612507580043,8
visa,pcb3,8,3,loio_conformal,16.937195777893066,1.0513811111450195,15.972219944000244,18.183293342590332,17.252017855644226,1.5090962693369647,8
visa,pcb3,8,4,loio_conformal,17.589162826538086,0.4887256622314453,17.149463176727295,18.148613929748535,17.964299201965332,1.2405964823968052,8
visa,pcb4,1,0,patch_split_conformal,14.23332691192627,0.0,14.23332691192627,14.23332691192627,14.23332691192627,0.0,1
visa,pcb4,1,1,patch_split_conformal,13.708314895629883,0.0,13.708314895629883,13.708314895629883,13.708314895629883,0.0,1
visa,pcb4,1,2,patch_split_conformal,13.104925155639648,0.0,13.104925155639648,13.104925155639648,13.104925155639648,0.0,1
visa,pcb4,1,3,patch_split_conformal,15.99384880065918,0.0,15.99384880065918,15.99384880065918,15.99384880065918,0.0,1
visa,pcb4,1,4,patch_split_conformal,17.221899032592773,0.0,17.221899032592773,17.221899032592773,17.221899032592773,0.0,1
visa,pcb4,2,0,loio_conformal,18.92725372314453,1.4412975311279297,18.206604957580566,19.647902488708496,18.92725372314453,1.4412975311279297,2
visa,pcb4,2,1,loio_conformal,20.1290283203125,3.2407684326171875,18.508644104003906,21.749412536621094,20.1290283203125,3.2407684326171875,2
visa,pcb4,2,2,loio_conformal,24.98470687866211,2.9013290405273438,23.534042358398438,26.43537139892578,24.98470687866211,2.9013290405273438,2
visa,pcb4,2,3,loio_conformal,17.99426555633545,0.49488353729248047,17.74682378768921,18.24170732498169,17.99426555633545,0.49488353729248047,2
visa,pcb4,2,4,loio_conformal,20.741217613220215,2.409213066101074,19.536611080169678,21.945824146270752,20.741217613220215,2.409213066101074,2
visa,pcb4,4,0,loio_conformal,16.35344886779785,0.16672801971435547,16.1882061958313,17.263426780700684,17.09818410873413,1.394438963161811,4
visa,pcb4,4,1,loio_conformal,16.903839111328125,0.6034164428710938,16.374574661254883,17.604678630828857,17.075414180755615,0.8557876246046244,4
visa,pcb4,4,2,loio_conformal,18.5298490524292,1.3156747817993164,17.38234043121338,19.9457426071167,18.79823398590088,1.7166707931682066,4
visa,pcb4,4,3,loio_conformal,16.739834785461426,0.4944491386413574,16.41844344139099,17.073583126068115,16.75219178199768,0.6208927030492535,4
visa,pcb4,4,4,loio_conformal,17.457043647766113,0.31876564025878906,17.244454860687256,17.864681720733643,17.652092933654785,0.6841251350086924,4
visa,pcb4,8,0,loio_conformal,16.035836696624756,1.321810245513916,15.29988980293274,17.467609405517578,16.785198211669922,2.6085284920484995,8
visa,pcb4,8,1,loio_conformal,16.212854862213135,0.9646315574645996,15.180467128753662,17.109652519226074,16.190364003181458,1.1859610761927009,8
visa,pcb4,8,2,loio_conformal,16.81846523284912,0.21195507049560547,16.61722183227539,17.513700008392334,17.34758198261261,1.7738890453803153,8
visa,pcb4,8,3,loio_conformal,15.999931335449219,0.643277645111084,15.50983738899231,16.771684646606445,16.647818326950073,2.197667373429783,8
visa,pcb4,8,4,loio_conformal,16.745662689208984,0.35761356353759766,16.10767912864685,16.98702335357666,16.434919714927673,1.0783773520547493,8
visa,pipe_fryum,1,0,patch_split_conformal,12.493937492370605,0.0,12.493937492370605,12.493937492370605,12.493937492370605,0.0,1
visa,pipe_fryum,1,1,patch_split_conformal,11.072671890258789,0.0,11.072671890258789,11.072671890258789,11.072671890258789,0.0,1
visa,pipe_fryum,1,2,patch_split_conformal,10.203696250915527,0.0,10.203696250915527,10.203696250915527,10.203696250915527,0.0,1
visa,pipe_fryum,1,3,patch_split_conformal,15.921357154846191,0.0,15.921357154846191,15.921357154846191,15.921357154846191,0.0,1
visa,pipe_fryum,1,4,patch_split_conformal,10.492836952209473,0.0,10.492836952209473,10.492836952209473,10.492836952209473,0.0,1
visa,pipe_fryum,2,0,loio_conformal,21.321142196655273,1.3089599609375,20.666662216186523,21.975622177124023,21.321142196655273,1.3089599609375,2
visa,pipe_fryum,2,1,loio_conformal,23.459558486938477,0.4052467346191406,23.256935119628906,23.662181854248047,23.459558486938477,0.4052467346191406,2
visa,pipe_fryum,2,2,loio_conformal,24.62114715576172,0.18628692626953125,24.528003692626953,24.714290618896484,24.62114715576172,0.18628692626953125,2
visa,pipe_fryum,2,3,loio_conformal,25.334317207336426,4.678839683532715,22.99489736557007,27.673737049102783,25.334317207336426,4.678839683532715,2
visa,pipe_fryum,2,4,loio_conformal,21.321069717407227,1.1669559478759766,20.73759174346924,21.904547691345215,21.321069717407227,1.1669559478759766,2
visa,pipe_fryum,4,0,loio_conformal,18.502119064331055,1.361175537109375,17.17273235321045,20.433231830596924,19.10384511947632,2.158167261596705,4
visa,pipe_fryum,4,1,loio_conformal,20.930191040039062,1.2550220489501953,19.917211532592773,21.85063362121582,20.83765411376953,1.5506962501814758,4
visa,pipe_fryum,4,2,loio_conformal,18.827150344848633,1.0366554260253906,17.972299575805664,22.37606382369995,21.521213054656982,5.524996823382249,4
visa,pipe_fryum,4,3,loio_conformal,20.98528480529785,2.4332141876220703,19.18878746032715,22.583308219909668,20.786810874938965,3.23385142561428,4
visa,pipe_fryum,4,4,loio_conformal,17.997735023498535,0.39749622344970703,17.613035202026367,18.64207649230957,18.257376670837402,0.7619728725239105,4
visa,pipe_fryum,8,0,loio_conformal,18.055031776428223,1.6830863952636719,15.63213062286377,18.975531101226807,17.593989610671997,2.365472420458172,8
visa,pipe_fryum,8,1,loio_conformal,18.882933616638184,0.7957086563110352,16.612971782684326,19.46351909637451,18.02724838256836,1.7851441783900768,8
visa,pipe_fryum,8,2,loio_conformal,16.58721351623535,0.6429018974304199,16.08087968826294,18.358840942382812,18.409178853034973,4.163775888322259,8
visa,pipe_fryum,8,3,loio_conformal,17.515856742858887,1.8227081298828125,15.96888780593872,19.09709882736206,17.60891342163086,2.74290715886977,8
visa,pipe_fryum,8,4,loio_conformal,17.38223361968994,0.7777652740478516,16.51889157295227,18.13920545578003,17.27639389038086,1.1187949397720671,8
