dataset,class,k_shot,seed,support_calibration_mode,residual_index,loio_residual
visa,candle,1,0,patch_split_conformal,0,13.539084434509277
visa,candle,1,1,patch_split_conformal,0,10.872343063354492
visa,candle,1,2,patch_split_conformal,0,12.184097290039062
visa,candle,1,3,patch_split_conformal,0,13.098502159118652
visa,candle,1,4,patch_split_conformal,0,12.2859525680542
visa,candle,2,0,loio_conformal,0,16.738554000854492
visa,candle,2,0,loio_conformal,1,18.339176177978516
visa,candle,2,1,loio_conformal,0,18.677263259887695
visa,candle,2,1,loio_conformal,1,18.649221420288086
visa,candle,2,2,loio_conformal,0,22.57023048400879
visa,candle,2,2,loio_conformal,1,15.517797470092773
visa,candle,2,3,loio_conformal,0,20.299211502075195
visa,candle,2,3,loio_conformal,1,18.73000717163086
visa,candle,2,4,loio_conformal,0,19.612226486206055
visa,candle,2,4,loio_conformal,1,21.110990524291992
visa,candle,4,0,loio_conformal,0,14.778077125549316
visa,candle,4,0,loio_conformal,1,14.786392211914062
visa,candle,4,0,loio_conformal,2,19.89034080505371
visa,candle,4,0,loio_conformal,3,13.940997123718262
visa,candle,4,1,loio_conformal,0,17.350582122802734
visa,candle,4,1,loio_conformal,1,16.238332748413086
visa,candle,4,1,loio_conformal,2,13.710219383239746
visa,candle,4,1,loio_conformal,3,15.77473258972168
visa,candle,4,2,loio_conformal,0,16.164031982421875
visa,candle,4,2,loio_conformal,1,20.48697280883789
visa,candle,4,2,loio_conformal,2,15.851362228393555
visa,candle,4,2,loio_conformal,3,15.18118953704834
visa,candle,4,3,loio_conformal,0,17.889739990234375
visa,candle,4,3,loio_conformal,1,16.03627586364746
visa,candle,4,3,loio_conformal,2,14.09270191192627
visa,candle,4,3,loio_conformal,3,14.345025062561035
visa,candle,4,4,loio_conformal,0,17.89164924621582
visa,candle,4,4,loio_conformal,1,14.061383247375488
visa,candle,4,4,loio_conformal,2,17.87415885925293
visa,candle,4,4,loio_conformal,3,16.580739974975586
visa,candle,8,0,loio_conformal,0,12.684199333190918
visa,candle,8,0,loio_conformal,1,14.384559631347656
visa,candle,8,0,loio_conformal,2,17.615264892578125
visa,candle,8,0,loio_conformal,3,15.01398754119873
visa,candle,8,0,loio_conformal,4,14.421674728393555
visa,candle,8,0,loio_conformal,5,19.501455307006836
visa,candle,8,0,loio_conformal,6,13.931694984436035
visa,candle,8,0,loio_conformal,7,14.675324440002441
visa,candle,8,1,loio_conformal,0,16.888629913330078
visa,candle,8,1,loio_conformal,1,17.02271842956543
visa,candle,8,1,loio_conformal,2,16.277164459228516
visa,candle,8,1,loio_conformal,3,16.002878189086914
visa,candle,8,1,loio_conformal,4,13.19415283203125
visa,candle,8,1,loio_conformal,5,15.836878776550293
visa,candle,8,1,loio_conformal,6,14.973526954650879
visa,candle,8,1,loio_conformal,7,13.828134536743164
visa,candle,8,2,loio_conformal,0,12.56721019744873
visa,candle,8,2,loio_conformal,1,16.230030059814453
visa,candle,8,2,loio_conformal,2,19.88326072692871
visa,candle,8,2,loio_conformal,3,14.831931114196777
visa,candle,8,2,loio_conformal,4,17.692142486572266
visa,candle,8,2,loio_conformal,5,13.61322021484375
visa,candle,8,2,loio_conformal,6,13.082684516906738
visa,candle,8,2,loio_conformal,7,14.598624229431152
visa,candle,8,3,loio_conformal,0,16.361492156982422
visa,candle,8,3,loio_conformal,1,15.521782875061035
visa,candle,8,3,loio_conformal,2,14.903700828552246
visa,candle,8,3,loio_conformal,3,15.516464233398438
visa,candle,8,3,loio_conformal,4,17.063358306884766
visa,candle,8,3,loio_conformal,5,15.201569557189941
visa,candle,8,3,loio_conformal,6,13.487382888793945
visa,candle,8,3,loio_conformal,7,14.238698959350586
visa,candle,8,4,loio_conformal,0,14.840265274047852
visa,candle,8,4,loio_conformal,1,15.337027549743652
visa,candle,8,4,loio_conformal,2,17.39088249206543
visa,candle,8,4,loio_conformal,3,13.490687370300293
visa,candle,8,4,loio_conformal,4,13.771981239318848
visa,candle,8,4,loio_conformal,5,17.31903076171875
visa,candle,8,4,loio_conformal,6,12.581672668457031
visa,candle,8,4,loio_conformal,7,16.0782413482666
visa,capsules,1,0,patch_split_conformal,0,13.427873611450195
visa,capsules,1,1,patch_split_conformal,0,12.807280540466309
visa,capsules,1,2,patch_split_conformal,0,12.235518455505371
visa,capsules,1,3,patch_split_conformal,0,10.667563438415527
visa,capsules,1,4,patch_split_conformal,0,10.481513977050781
visa,capsules,2,0,loio_conformal,0,16.184371948242188
visa,capsules,2,0,loio_conformal,1,14.002080917358398
visa,capsules,2,1,loio_conformal,0,15.076898574829102
visa,capsules,2,1,loio_conformal,1,20.70319175720215
visa,capsules,2,2,loio_conformal,0,14.6607666015625
visa,capsules,2,2,loio_conformal,1,17.572114944458008
visa,capsules,2,3,loio_conformal,0,15.082146644592285
visa,capsules,2,3,loio_conformal,1,20.46233558654785
visa,capsules,2,4,loio_conformal,0,21.890499114990234
visa,capsules,2,4,loio_conformal,1,23.762752532958984
visa,capsules,4,0,loio_conformal,0,16.236696243286133
visa,capsules,4,0,loio_conformal,1,13.853300094604492
visa,capsules,4,0,loio_conformal,2,12.25920581817627
visa,capsules,4,0,loio_conformal,3,11.995976448059082
visa,capsules,4,1,loio_conformal,0,18.481475830078125
visa,capsules,4,1,loio_conformal,1,12.73715877532959
visa,capsules,4,1,loio_conformal,2,13.509269714355469
visa,capsules,4,1,loio_conformal,3,18.42125129699707
visa,capsules,4,2,loio_conformal,0,25.001943588256836
visa,capsules,4,2,loio_conformal,1,15.682600021362305
visa,capsules,4,2,loio_conformal,2,13.18770694732666
visa,capsules,4,2,loio_conformal,3,14.211430549621582
visa,capsules,4,3,loio_conformal,0,20.567394256591797
visa,capsules,4,3,loio_conformal,1,14.520167350769043
visa,capsules,4,3,loio_conformal,2,18.86795425415039
visa,capsules,4,3,loio_conformal,3,11.666106224060059
visa,capsules,4,4,loio_conformal,0,15.485346794128418
visa,capsules,4,4,loio_conformal,1,16.36032485961914
visa,capsules,4,4,loio_conformal,2,12.533238410949707
visa,capsules,4,4,loio_conformal,3,21.001483917236328
visa,capsules,8,0,loio_conformal,0,15.14332103729248
visa,capsules,8,0,loio_conformal,1,12.743897438049316
visa,capsules,8,0,loio_conformal,2,12.487439155578613
visa,capsules,8,0,loio_conformal,3,19.60935401916504
visa,capsules,8,0,loio_conformal,4,12.73282527923584
visa,capsules,8,0,loio_conformal,5,14.072529792785645
visa,capsules,8,0,loio_conformal,6,12.045076370239258
visa,capsules,8,0,loio_conformal,7,12.162192344665527
visa,capsules,8,1,loio_conformal,0,16.681262969970703
visa,capsules,8,1,loio_conformal,1,12.181114196777344
visa,capsules,8,1,loio_conformal,2,15.393156051635742
visa,capsules,8,1,loio_conformal,3,15.61036491394043
visa,capsules,8,1,loio_conformal,4,13.791056632995605
visa,capsules,8,1,loio_conformal,5,12.339091300964355
visa,capsules,8,1,loio_conformal,6,14.531692504882812
visa,capsules,8,1,loio_conformal,7,16.74715232849121
visa,capsules,8,2,loio_conformal,0,12.806808471679688
visa,capsules,8,2,loio_conformal,1,16.745864868164062
visa,capsules,8,2,loio_conformal,2,25.549259185791016
visa,capsules,8,2,loio_conformal,3,14.096609115600586
visa,capsules,8,2,loio_conformal,4,15.311890602111816
visa,capsules,8,2,loio_conformal,5,12.54119873046875
visa,capsules,8,2,loio_conformal,6,13.32287311553955
visa,capsules,8,2,loio_conformal,7,13.712265014648438
visa,capsules,8,3,loio_conformal,0,12.672037124633789
visa,capsules,8,3,loio_conformal,1,19.893156051635742
visa,capsules,8,3,loio_conformal,2,13.369354248046875
visa,capsules,8,3,loio_conformal,3,14.515947341918945
visa,capsules,8,3,loio_conformal,4,18.585851669311523
visa,capsules,8,3,loio_conformal,5,13.56592082977295
visa,capsules,8,3,loio_conformal,6,11.360559463500977
visa,capsules,8,3,loio_conformal,7,14.984803199768066
visa,capsules,8,4,loio_conformal,0,15.240191459655762
visa,capsules,8,4,loio_conformal,1,16.12603759765625
visa,capsules,8,4,loio_conformal,2,13.720892906188965
visa,capsules,8,4,loio_conformal,3,13.218778610229492
visa,capsules,8,4,loio_conformal,4,12.417291641235352
visa,capsules,8,4,loio_conformal,5,14.393181800842285
visa,capsules,8,4,loio_conformal,6,15.474276542663574
visa,capsules,8,4,loio_conformal,7,13.75189208984375
visa,cashew,1,0,patch_split_conformal,0,10.558572769165039
visa,cashew,1,1,patch_split_conformal,0,12.753143310546875
visa,cashew,1,2,patch_split_conformal,0,11.446380615234375
visa,cashew,1,3,patch_split_conformal,0,13.051393508911133
visa,cashew,1,4,patch_split_conformal,0,11.499361991882324
visa,cashew,2,0,loio_conformal,0,19.005823135375977
visa,cashew,2,0,loio_conformal,1,17.271839141845703
visa,cashew,2,1,loio_conformal,0,17.95017433166504
visa,cashew,2,1,loio_conformal,1,20.391427993774414
visa,cashew,2,2,loio_conformal,0,22.15980339050293
visa,cashew,2,2,loio_conformal,1,21.447223663330078
visa,cashew,2,3,loio_conformal,0,18.426015853881836
visa,cashew,2,3,loio_conformal,1,19.34878158569336
visa,cashew,2,4,loio_conformal,0,18.812397003173828
visa,cashew,2,4,loio_conformal,1,16.101398468017578
visa,cashew,4,0,loio_conformal,0,17.05039405822754
visa,cashew,4,0,loio_conformal,1,15.382692337036133
visa,cashew,4,0,loio_conformal,2,16.45158576965332
visa,cashew,4,0,loio_conformal,3,15.904481887817383
visa,cashew,4,1,loio_conformal,0,18.226057052612305
visa,cashew,4,1,loio_conformal,1,16.333131790161133
visa,cashew,4,1,loio_conformal,2,17.0239200592041
visa,cashew,4,1,loio_conformal,3,17.333770751953125
visa,cashew,4,2,loio_conformal,0,18.73842430114746
visa,cashew,4,2,loio_conformal,1,14.934889793395996
visa,cashew,4,2,loio_conformal,2,17.1762638092041
visa,cashew,4,2,loio_conformal,3,15.157319068908691
visa,cashew,4,3,loio_conformal,0,17.210433959960938
visa,cashew,4,3,loio_conformal,1,17.543001174926758
visa,cashew,4,3,loio_conformal,2,17.08780288696289
visa,cashew,4,3,loio_conformal,3,16.36142921447754
visa,cashew,4,4,loio_conformal,0,16.42347526550293
visa,cashew,4,4,loio_conformal,1,15.766298294067383
visa,cashew,4,4,loio_conformal,2,16.414182662963867
visa,cashew,4,4,loio_conformal,3,15.237956047058105
visa,cashew,8,0,loio_conformal,0,15.65403938293457
visa,cashew,8,0,loio_conformal,1,15.971580505371094
visa,cashew,8,0,loio_conformal,2,16.194499969482422
visa,cashew,8,0,loio_conformal,3,16.835098266601562
visa,cashew,8,0,loio_conformal,4,14.91728687286377
visa,cashew,8,0,loio_conformal,5,16.204357147216797
visa,cashew,8,0,loio_conformal,6,15.038650512695312
visa,cashew,8,0,loio_conformal,7,14.355016708374023
visa,cashew,8,1,loio_conformal,0,16.913480758666992
visa,cashew,8,1,loio_conformal,1,17.73222541809082
visa,cashew,8,1,loio_conformal,2,15.292109489440918
visa,cashew,8,1,loio_conformal,3,18.02299690246582
visa,cashew,8,1,loio_conformal,4,16.28186798095703
visa,cashew,8,1,loio_conformal,5,14.965210914611816
visa,cashew,8,1,loio_conformal,6,14.757675170898438
visa,cashew,8,1,loio_conformal,7,16.82325553894043
visa,cashew,8,2,loio_conformal,0,18.14472007751465
visa,cashew,8,2,loio_conformal,1,14.410515785217285
visa,cashew,8,2,loio_conformal,2,14.249719619750977
visa,cashew,8,2,loio_conformal,3,16.28040885925293
visa,cashew,8,2,loio_conformal,4,19.254180908203125
visa,cashew,8,2,loio_conformal,5,15.744123458862305
visa,cashew,8,2,loio_conformal,6,14.251435279846191
visa,cashew,8,2,loio_conformal,7,14.195780754089355
visa,cashew,8,3,loio_conformal,0,16.132169723510742
visa,cashew,8,3,loio_conformal,1,18.399272918701172
visa,cashew,8,3,loio_conformal,2,16.199296951293945
visa,cashew,8,3,loio_conformal,3,14.555658340454102
visa,cashew,8,3,loio_conformal,4,16.042325973510742
visa,cashew,8,3,loio_conformal,5,15.58271312713623
visa,cashew,8,3,loio_conformal,6,15.415718078613281
visa,cashew,8,3,loio_conformal,7,14.96712589263916
visa,cashew,8,4,loio_conformal,0,15.256277084350586
visa,cashew,8,4,loio_conformal,1,15.802933692932129
visa,cashew,8,4,loio_conformal,2,16.292999267578125
visa,cashew,8,4,loio_conformal,3,17.21016502380371
visa,cashew,8,4,loio_conformal,4,14.01783561706543
visa,cashew,8,4,loio_conformal,5,14.699209213256836
visa,cashew,8,4,loio_conformal,6,14.505949020385742
visa,cashew,8,4,loio_conformal,7,16.640226364135742
visa,chewinggum,1,0,patch_split_conformal,0,11.526886940002441
visa,chewinggum,1,1,patch_split_conformal,0,15.72688102722168
visa,chewinggum,1,2,patch_split_conformal,0,11.334550857543945
visa,chewinggum,1,3,patch_split_conformal,0,13.571105003356934
visa,chewinggum,1,4,patch_split_conformal,0,11.759774208068848
visa,chewinggum,2,0,loio_conformal,0,20.064788818359375
visa,chewinggum,2,0,loio_conformal,1,20.216686248779297
visa,chewinggum,2,1,loio_conformal,0,18.89919662475586
visa,chewinggum,2,1,loio_conformal,1,16.947463989257812
visa,chewinggum,2,2,loio_conformal,0,15.715493202209473
visa,chewinggum,2,2,loio_conformal,1,15.549521446228027
visa,chewinggum,2,3,loio_conformal,0,14.687142372131348
visa,chewinggum,2,3,loio_conformal,1,17.283306121826172
visa,chewinggum,2,4,loio_conformal,0,17.39784049987793
visa,chewinggum,2,4,loio_conformal,1,18.923686981201172
visa,chewinggum,4,0,loio_conformal,0,18.033376693725586
visa,chewinggum,4,0,loio_conformal,1,15.862610816955566
visa,chewinggum,4,0,loio_conformal,2,16.045167922973633
visa,chewinggum,4,0,loio_conformal,3,21.068185806274414
visa,chewinggum,4,1,loio_conformal,0,16.996816635131836
visa,chewinggum,4,1,loio_conformal,1,15.744390487670898
visa,chewinggum,4,1,loio_conformal,2,16.7808780670166
visa,chewinggum,4,1,loio_conformal,3,17.20854377746582
visa,chewinggum,4,2,loio_conformal,0,14.311205863952637
visa,chewinggum,4,2,loio_conformal,1,20.631542205810547
visa,chewinggum,4,2,loio_conformal,2,16.998628616333008
visa,chewinggum,4,2,loio_conformal,3,13.758352279663086
visa,chewinggum,4,3,loio_conformal,0,15.763192176818848
visa,chewinggum,4,3,loio_conformal,1,13.169700622558594
visa,chewinggum,4,3,loio_conformal,2,14.184974670410156
visa,chewinggum,4,3,loio_conformal,3,13.242325782775879
visa,chewinggum,4,4,loio_conformal,0,15.286970138549805
visa,chewinggum,4,4,loio_conformal,1,17.924928665161133
visa,chewinggum,4,4,loio_conformal,2,15.06189250946045
visa,chewinggum,4,4,loio_conformal,3,18.512950897216797
visa,chewinggum,8,0,loio_conformal,0,16.589073181152344
visa,chewinggum,8,0,loio_conformal,1,15.022256851196289
visa,chewinggum,8,0,loio_conformal,2,14.195920944213867
visa,chewinggum,8,0,loio_conformal,3,14.818188667297363
visa,chewinggum,8,0,loio_conformal,4,15.954107284545898
visa,chewinggum,8,0,loio_conformal,5,17.484678268432617
visa,chewinggum,8,0,loio_conformal,6,19.1367244720459
visa,chewinggum,8,0,loio_conformal,7,15.339418411254883
visa,chewinggum,8,1,loio_conformal,0,15.373701095581055
visa,chewinggum,8,1,loio_conformal,1,15.490050315856934
visa,chewinggum,8,1,loio_conformal,2,13.97449779510498
visa,chewinggum,8,1,loio_conformal,3,15.33576488494873
visa,chewinggum,8,1,loio_conformal,4,16.89957046508789
visa,chewinggum,8,1,loio_conformal,5,14.637083053588867
visa,chewinggum,8,1,loio_conformal,6,15.475790977478027
visa,chewinggum,8,1,loio_conformal,7,15.495244026184082
visa,chewinggum,8,2,loio_conformal,0,13.499429702758789
visa,chewinggum,8,2,loio_conformal,1,16.553749084472656
visa,chewinggum,8,2,loio_conformal,2,16.606101989746094
visa,chewinggum,8,2,loio_conformal,3,14.006734848022461
visa,chewinggum,8,2,loio_conformal,4,13.311312675476074
visa,chewinggum,8,2,loio_conformal,5,14.691888809204102
visa,chewinggum,8,2,loio_conformal,6,14.246720314025879
visa,chewinggum,8,2,loio_conformal,7,17.985004425048828
visa,chewinggum,8,3,loio_conformal,0,13.244887351989746
visa,chewinggum,8,3,loio_conformal,1,14.794014930725098
visa,chewinggum,8,3,loio_conformal,2,14.032227516174316
visa,chewinggum,8,3,loio_conformal,3,12.77903938293457
visa,chewinggum,8,3,loio_conformal,4,16.789573669433594
visa,chewinggum,8,3,loio_conformal,5,13.878424644470215
visa,chewinggum,8,3,loio_conformal,6,12.6759033203125
visa,chewinggum,8,3,loio_conformal,7,15.284649848937988
visa,chewinggum,8,4,loio_conformal,0,15.399145126342773
visa,chewinggum,8,4,loio_conformal,1,14.312906265258789
visa,chewinggum,8,4,loio_conformal,2,14.25286865234375
visa,chewinggum,8,4,loio_conformal,3,16.013301849365234
visa,chewinggum,8,4,loio_conformal,4,14.240464210510254
visa,chewinggum,8,4,loio_conformal,5,18.65078353881836
visa,chewinggum,8,4,loio_conformal,6,15.70683479309082
visa,chewinggum,8,4,loio_conformal,7,17.41514778137207
visa,fryum,1,0,patch_split_conformal,0,10.987625122070312
visa,fryum,1,1,patch_split_conformal,0,10.889638900756836
visa,fryum,1,2,patch_split_conformal,0,10.684569358825684
visa,fryum,1,3,patch_split_conformal,0,12.135611534118652
visa,fryum,1,4,patch_split_conformal,0,10.790797233581543
visa,fryum,2,0,loio_conformal,0,19.30686378479004
visa,fryum,2,0,loio_conformal,1,19.704448699951172
visa,fryum,2,1,loio_conformal,0,19.099674224853516
visa,fryum,2,1,loio_conformal,1,17.537202835083008
visa,fryum,2,2,loio_conformal,0,16.82064437866211
visa,fryum,2,2,loio_conformal,1,16.329809188842773
visa,fryum,2,3,loio_conformal,0,19.197099685668945
visa,fryum,2,3,loio_conformal,1,19.19081687927246
visa,fryum,2,4,loio_conformal,0,20.092302322387695
visa,fryum,2,4,loio_conformal,1,19.10126304626465
visa,fryum,4,0,loio_conformal,0,16.797887802124023
visa,fryum,4,0,loio_conformal,1,17.319440841674805
visa,fryum,4,0,loio_conformal,2,15.330567359924316
visa,fryum,4,0,loio_conformal,3,15.692804336547852
visa,fryum,4,1,loio_conformal,0,16.95557403564453
visa,fryum,4,1,loio_conformal,1,16.00712013244629
visa,fryum,4,1,loio_conformal,2,13.141820907592773
visa,fryum,4,1,loio_conformal,3,16.4331111907959
visa,fryum,4,2,loio_conformal,0,16.167131423950195
visa,fryum,4,2,loio_conformal,1,14.92592716217041
visa,fryum,4,2,loio_conformal,2,13.815650939941406
visa,fryum,4,2,loio_conformal,3,14.886103630065918
visa,fryum,4,3,loio_conformal,0,16.360715866088867
visa,fryum,4,3,loio_conformal,1,14.578924179077148
visa,fryum,4,3,loio_conformal,2,17.048816680908203
visa,fryum,4,3,loio_conformal,3,15.44687557220459
visa,fryum,4,4,loio_conformal,0,15.769196510314941
visa,fryum,4,4,loio_conformal,1,14.52254581451416
visa,fryum,4,4,loio_conformal,2,13.393065452575684
visa,fryum,4,4,loio_conformal,3,15.365739822387695
visa,fryum,8,0,loio_conformal,0,15.957772254943848
visa,fryum,8,0,loio_conformal,1,17.359474182128906
visa,fryum,8,0,loio_conformal,2,16.50313949584961
visa,fryum,8,0,loio_conformal,3,12.528670310974121
visa,fryum,8,0,loio_conformal,4,15.804306983947754
visa,fryum,8,0,loio_conformal,5,14.424314498901367
visa,fryum,8,0,loio_conformal,6,16.125783920288086
visa,fryum,8,0,loio_conformal,7,14.719534873962402
visa,fryum,8,1,loio_conformal,0,16.66079330444336
visa,fryum,8,1,loio_conformal,1,14.017684936523438
visa,fryum,8,1,loio_conformal,2,15.970133781433105
visa,fryum,8,1,loio_conformal,3,14.095366477966309
visa,fryum,8,1,loio_conformal,4,13.116673469543457
visa,fryum,8,1,loio_conformal,5,17.471757888793945
visa,fryum,8,1,loio_conformal,6,14.436807632446289
visa,fryum,8,1,loio_conformal,7,15.808687210083008
visa,fryum,8,2,loio_conformal,0,15.812516212463379
visa,fryum,8,2,loio_conformal,1,14.040400505065918
visa,fryum,8,2,loio_conformal,2,14.313186645507812
visa,fryum,8,2,loio_conformal,3,14.563090324401855
visa,fryum,8,2,loio_conformal,4,12.99395751953125
visa,fryum,8,2,loio_conformal,5,14.355292320251465
visa,fryum,8,2,loio_conformal,6,14.536202430725098
visa,fryum,8,2,loio_conformal,7,19.509960174560547
visa,fryum,8,3,loio_conformal,0,13.576457023620605
visa,fryum,8,3,loio_conformal,1,16.930599212646484
visa,fryum,8,3,loio_conformal,2,15.199297904968262
visa,fryum,8,3,loio_conformal,3,15.646665573120117
visa,fryum,8,3,loio_conformal,4,14.292755126953125
visa,fryum,8,3,loio_conformal,5,15.771527290344238
visa,fryum,8,3,loio_conformal,6,14.998393058776855
visa,fryum,8,3,loio_conformal,7,13.965505599975586
visa,fryum,8,4,loio_conformal,0,16.56852149963379
visa,fryum,8,4,loio_conformal,1,14.497110366821289
visa,fryum,8,4,loio_conformal,2,16.248502731323242
visa,fryum,8,4,loio_conformal,3,14.16807746887207
visa,fryum,8,4,loio_conformal,4,15.58265209197998
visa,fryum,8,4,loio_conformal,5,14.564699172973633
visa,fryum,8,4,loio_conformal,6,15.622611045837402
visa,fryum,8,4,loio_conformal,7,20.698253631591797
visa,macaroni1,1,0,patch_split_conformal,0,10.398873329162598
visa,macaroni1,1,1,patch_split_conformal,0,10.180342674255371
visa,macaroni1,1,2,patch_split_conformal,0,10.680840492248535
visa,macaroni1,1,3,patch_split_conformal,0,10.563401222229004
visa,macaroni1,1,4,patch_split_conformal,0,10.692749977111816
visa,macaroni1,2,0,loio_conformal,0,17.665918350219727
visa,macaroni1,2,0,loio_conformal,1,18.277307510375977
visa,macaroni1,2,1,loio_conformal,0,12.794697761535645
visa,macaroni1,2,1,loio_conformal,1,19.058746337890625
visa,macaroni1,2,2,loio_conformal,0,17.85161781311035
visa,macaroni1,2,2,loio_conformal,1,20.835681915283203
visa,macaroni1,2,3,loio_conformal,0,16.718069076538086
visa,macaroni1,2,3,loio_conformal,1,17.5581111907959
visa,macaroni1,2,4,loio_conformal,0,17.172590255737305
visa,macaroni1,2,4,loio_conformal,1,21.34128189086914
visa,macaroni1,4,0,loio_conformal,0,14.45691967010498
visa,macaroni1,4,0,loio_conformal,1,15.76502799987793
visa,macaroni1,4,0,loio_conformal,2,12.391745567321777
visa,macaroni1,4,0,loio_conformal,3,12.677473068237305
visa,macaroni1,4,1,loio_conformal,0,16.689889907836914
visa,macaroni1,4,1,loio_conformal,1,11.814292907714844
visa,macaroni1,4,1,loio_conformal,2,12.321426391601562
visa,macaroni1,4,1,loio_conformal,3,14.765937805175781
visa,macaroni1,4,2,loio_conformal,0,15.394282341003418
visa,macaroni1,4,2,loio_conformal,1,15.3031005859375
visa,macaroni1,4,2,loio_conformal,2,15.335530281066895
visa,macaroni1,4,2,loio_conformal,3,20.34442138671875
visa,macaroni1,4,3,loio_conformal,0,13.258142471313477
visa,macaroni1,4,3,loio_conformal,1,16.785404205322266
visa,macaroni1,4,3,loio_conformal,2,17.365251541137695
visa,macaroni1,4,3,loio_conformal,3,14.678496360778809
visa,macaroni1,4,4,loio_conformal,0,16.658559799194336
visa,macaroni1,4,4,loio_conformal,1,13.756157875061035
visa,macaroni1,4,4,loio_conformal,2,17.62264633178711
visa,macaroni1,4,4,loio_conformal,3,23.229110717773438
visa,macaroni1,8,0,loio_conformal,0,18.22641944885254
visa,macaroni1,8,0,loio_conformal,1,13.735621452331543
visa,macaroni1,8,0,loio_conformal,2,13.394030570983887
visa,macaroni1,8,0,loio_conformal,3,12.298553466796875
visa,macaroni1,8,0,loio_conformal,4,14.093052864074707
visa,macaroni1,8,0,loio_conformal,5,12.623120307922363
visa,macaroni1,8,0,loio_conformal,6,12.747944831848145
visa,macaroni1,8,0,loio_conformal,7,13.929543495178223
visa,macaroni1,8,1,loio_conformal,0,13.793624877929688
visa,macaroni1,8,1,loio_conformal,1,11.784879684448242
visa,macaroni1,8,1,loio_conformal,2,14.838239669799805
visa,macaroni1,8,1,loio_conformal,3,15.101348876953125
visa,macaroni1,8,1,loio_conformal,4,12.152605056762695
visa,macaroni1,8,1,loio_conformal,5,13.564860343933105
visa,macaroni1,8,1,loio_conformal,6,14.823991775512695
visa,macaroni1,8,1,loio_conformal,7,18.500041961669922
visa,macaroni1,8,2,loio_conformal,0,16.951398849487305
visa,macaroni1,8,2,loio_conformal,1,15.247179985046387
visa,macaroni1,8,2,loio_conformal,2,13.700953483581543
visa,macaroni1,8,2,loio_conformal,3,13.041775703430176
visa,macaroni1,8,2,loio_conformal,4,11.985639572143555
visa,macaroni1,8,2,loio_conformal,5,14.734268188476562
visa,macaroni1,8,2,loio_conformal,6,15.150064468383789
visa,macaroni1,8,2,loio_conformal,7,18.801843643188477
visa,macaroni1,8,3,loio_conformal,0,14.656036376953125
visa,macaroni1,8,3,loio_conformal,1,11.800025939941406
visa,macaroni1,8,3,loio_conformal,2,15.354809761047363
visa,macaroni1,8,3,loio_conformal,3,12.30744743347168
visa,macaroni1,8,3,loio_conformal,4,11.671281814575195
visa,macaroni1,8,3,loio_conformal,5,15.56860637664795
visa,macaroni1,8,3,loio_conformal,6,15.98753833770752
visa,macaroni1,8,3,loio_conformal,7,14.146621704101562
visa,macaroni1,8,4,loio_conformal,0,15.165268898010254
visa,macaroni1,8,4,loio_conformal,1,14.9132661819458
visa,macaroni1,8,4,loio_conformal,2,14.596308708190918
visa,macaroni1,8,4,loio_conformal,3,12.781431198120117
visa,macaroni1,8,4,loio_conformal,4,13.677114486694336
visa,macaroni1,8,4,loio_conformal,5,17.380170822143555
visa,macaroni1,8,4,loio_conformal,6,17.73464012145996
visa,macaroni1,8,4,loio_conformal,7,19.735185623168945
visa,macaroni2,1,0,patch_split_conformal,0,13.604782104492188
visa,macaroni2,1,1,patch_split_conformal,0,12.24433422088623
visa,macaroni2,1,2,patch_split_conformal,0,10.983128547668457
visa,macaroni2,1,3,patch_split_conformal,0,11.214517593383789
visa,macaroni2,1,4,patch_split_conformal,0,12.20384693145752
visa,macaroni2,2,0,loio_conformal,0,20.82063865661621
visa,macaroni2,2,0,loio_conformal,1,20.74249839782715
visa,macaroni2,2,1,loio_conformal,0,20.48093032836914
visa,macaroni2,2,1,loio_conformal,1,16.74981117248535
visa,macaroni2,2,2,loio_conformal,0,23.441987991333008
visa,macaroni2,2,2,loio_conformal,1,18.615785598754883
visa,macaroni2,2,3,loio_conformal,0,20.544082641601562
visa,macaroni2,2,3,loio_conformal,1,18.0706729888916
visa,macaroni2,2,4,loio_conformal,0,17.868465423583984
visa,macaroni2,2,4,loio_conformal,1,18.83514404296875
visa,macaroni2,4,0,loio_conformal,0,19.51068687438965
visa,macaroni2,4,0,loio_conformal,1,14.664892196655273
visa,macaroni2,4,0,loio_conformal,2,17.330707550048828
visa,macaroni2,4,0,loio_conformal,3,16.29200553894043
visa,macaroni2,4,1,loio_conformal,0,20.255399703979492
visa,macaroni2,4,1,loio_conformal,1,14.868813514709473
visa,macaroni2,4,1,loio_conformal,2,15.147021293640137
visa,macaroni2,4,1,loio_conformal,3,14.899771690368652
visa,macaroni2,4,2,loio_conformal,0,16.657032012939453
visa,macaroni2,4,2,loio_conformal,1,20.902132034301758
visa,macaroni2,4,2,loio_conformal,2,18.429439544677734
visa,macaroni2,4,2,loio_conformal,3,17.053890228271484
visa,macaroni2,4,3,loio_conformal,0,16.85506820678711
visa,macaroni2,4,3,loio_conformal,1,16.241064071655273
visa,macaroni2,4,3,loio_conformal,2,21.38631820678711
visa,macaroni2,4,3,loio_conformal,3,16.134626388549805
visa,macaroni2,4,4,loio_conformal,0,15.25537109375
visa,macaroni2,4,4,loio_conformal,1,21.59110450744629
visa,macaroni2,4,4,loio_conformal,2,15.635010719299316
visa,macaroni2,4,4,loio_conformal,3,14.20151424407959
visa,macaroni2,8,0,loio_conformal,0,16.0222225189209
visa,macaroni2,8,0,loio_conformal,1,30.040006637573242
visa,macaroni2,8,0,loio_conformal,2,14.791974067687988
visa,macaroni2,8,0,loio_conformal,3,15.812495231628418
visa,macaroni2,8,0,loio_conformal,4,14.435133934020996
visa,macaroni2,8,0,loio_conformal,5,17.056232452392578
visa,macaroni2,8,0,loio_conformal,6,15.387335777282715
visa,macaroni2,8,0,loio_conformal,7,14.302027702331543
visa,macaroni2,8,1,loio_conformal,0,15.29824161529541
visa,macaroni2,8,1,loio_conformal,1,14.177557945251465
visa,macaroni2,8,1,loio_conformal,2,16.984785079956055
visa,macaroni2,8,1,loio_conformal,3,21.64958381652832
visa,macaroni2,8,1,loio_conformal,4,14.874423027038574
visa,macaroni2,8,1,loio_conformal,5,14.380118370056152
visa,macaroni2,8,1,loio_conformal,6,13.841135025024414
visa,macaroni2,8,1,loio_conformal,7,15.605193138122559
visa,macaroni2,8,2,loio_conformal,0,17.35569953918457
visa,macaroni2,8,2,loio_conformal,1,16.297088623046875
visa,macaroni2,8,2,loio_conformal,2,17.849931716918945
visa,macaroni2,8,2,loio_conformal,3,16.879608154296875
visa,macaroni2,8,2,loio_conformal,4,14.06627368927002
visa,macaroni2,8,2,loio_conformal,5,14.382697105407715
visa,macaroni2,8,2,loio_conformal,6,16.42941665649414
visa,macaroni2,8,2,loio_conformal,7,15.419632911682129
visa,macaroni2,8,3,loio_conformal,0,17.418781280517578
visa,macaroni2,8,3,loio_conformal,1,15.334479331970215
visa,macaroni2,8,3,loio_conformal,2,13.984526634216309
visa,macaroni2,8,3,loio_conformal,3,15.787507057189941
visa,macaroni2,8,3,loio_conformal,4,14.599316596984863
visa,macaroni2,8,3,loio_conformal,5,15.262649536132812
visa,macaroni2,8,3,loio_conformal,6,21.80284309387207
visa,macaroni2,8,3,loio_conformal,7,15.854798316955566
visa,macaroni2,8,4,loio_conformal,0,14.786242485046387
visa,macaroni2,8,4,loio_conformal,1,13.065004348754883
visa,macaroni2,8,4,loio_conformal,2,15.119119644165039
visa,macaroni2,8,4,loio_conformal,3,23.241893768310547
visa,macaroni2,8,4,loio_conformal,4,16.1610107421875
visa,macaroni2,8,4,loio_conformal,5,14.225839614868164
visa,macaroni2,8,4,loio_conformal,6,13.765473365783691
visa,macaroni2,8,4,loio_conformal,7,13.334650039672852
visa,pcb1,1,0,patch_split_conformal,0,13.527548789978027
visa,pcb1,1,1,patch_split_conformal,0,14.85747241973877
visa,pcb1,1,2,patch_split_conformal,0,14.618033409118652
visa,pcb1,1,3,patch_split_conformal,0,13.659151077270508
visa,pcb1,1,4,patch_split_conformal,0,13.907137870788574
visa,pcb1,2,0,loio_conformal,0,19.868860244750977
visa,pcb1,2,0,loio_conformal,1,18.99046516418457
visa,pcb1,2,1,loio_conformal,0,28.749876022338867
visa,pcb1,2,1,loio_conformal,1,22.528688430786133
visa,pcb1,2,2,loio_conformal,0,22.5039119720459
visa,pcb1,2,2,loio_conformal,1,22.846847534179688
visa,pcb1,2,3,loio_conformal,0,22.57405662536621
visa,pcb1,2,3,loio_conformal,1,23.952287673950195
visa,pcb1,2,4,loio_conformal,0,18.040124893188477
visa,pcb1,2,4,loio_conformal,1,18.959651947021484
visa,pcb1,4,0,loio_conformal,0,18.60062599182129
visa,pcb1,4,0,loio_conformal,1,18.395864486694336
visa,pcb1,4,0,loio_conformal,2,18.132705688476562
visa,pcb1,4,0,loio_conformal,3,22.203765869140625
visa,pcb1,4,1,loio_conformal,0,28.046831130981445
visa,pcb1,4,1,loio_conformal,1,22.821823120117188
visa,pcb1,4,1,loio_conformal,2,17.26789665222168
visa,pcb1,4,1,loio_conformal,3,22.137800216674805
visa,pcb1,4,2,loio_conformal,0,21.880252838134766
visa,pcb1,4,2,loio_conformal,1,19.868864059448242
visa,pcb1,4,2,loio_conformal,2,17.557010650634766
visa,pcb1,4,2,loio_conformal,3,16.456804275512695
visa,pcb1,4,3,loio_conformal,0,16.970203399658203
visa,pcb1,4,3,loio_conformal,1,24.66791343688965
visa,pcb1,4,3,loio_conformal,2,18.20102310180664
visa,pcb1,4,3,loio_conformal,3,24.022167205810547
visa,pcb1,4,4,loio_conformal,0,17.044410705566406
visa,pcb1,4,4,loio_conformal,1,16.231889724731445
visa,pcb1,4,4,loio_conformal,2,15.670671463012695
visa,pcb1,4,4,loio_conformal,3,15.2816162109375
visa,pcb1,8,0,loio_conformal,0,16.34801483154297
visa,pcb1,8,0,loio_conformal,1,15.115708351135254
visa,pcb1,8,0,loio_conformal,2,19.233200073242188
visa,pcb1,8,0,loio_conformal,3,16.18450927734375
visa,pcb1,8,0,loio_conformal,4,15.453577041625977
visa,pcb1,8,0,loio_conformal,5,17.150007247924805
visa,pcb1,8,0,loio_conformal,6,17.80191421508789
visa,pcb1,8,0,loio_conformal,7,22.14204216003418
visa,pcb1,8,1,loio_conformal,0,28.149951934814453
visa,pcb1,8,1,loio_conformal,1,16.38718032836914
visa,pcb1,8,1,loio_conformal,2,15.860199928283691
visa,pcb1,8,1,loio_conformal,3,15.571558952331543
visa,pcb1,8,1,loio_conformal,4,22.658950805664062
visa,pcb1,8,1,loio_conformal,5,16.29710578918457
visa,pcb1,8,1,loio_conformal,6,21.381916046142578
visa,pcb1,8,1,loio_conformal,7,15.960320472717285
visa,pcb1,8,2,loio_conformal,0,17.844058990478516
visa,pcb1,8,2,loio_conformal,1,14.676793098449707
visa,pcb1,8,2,loio_conformal,2,17.988935470581055
visa,pcb1,8,2,loio_conformal,3,16.56812286376953
visa,pcb1,8,2,loio_conformal,4,21.000932693481445
visa,pcb1,8,2,loio_conformal,5,20.57913589477539
visa,pcb1,8,2,loio_conformal,6,17.914079666137695
visa,pcb1,8,2,loio_conformal,7,15.829336166381836
visa,pcb1,8,3,loio_conformal,0,19.297420501708984
visa,pcb1,8,3,loio_conformal,1,15.55489444732666
visa,pcb1,8,3,loio_conformal,2,15.561476707458496
visa,pcb1,8,3,loio_conformal,3,15.969320297241211
visa,pcb1,8,3,loio_conformal,4,22.866666793823242
visa,pcb1,8,3,loio_conformal,5,16.659513473510742
visa,pcb1,8,3,loio_conformal,6,16.640823364257812
visa,pcb1,8,3,loio_conformal,7,23.759981155395508
visa,pcb1,8,4,loio_conformal,0,16.087594985961914
visa,pcb1,8,4,loio_conformal,1,16.452539443969727
visa,pcb1,8,4,loio_conformal,2,16.198034286499023
visa,pcb1,8,4,loio_conformal,3,17.41944694519043
visa,pcb1,8,4,loio_conformal,4,15.671630859375
visa,pcb1,8,4,loio_conformal,5,18.5142879486084
visa,pcb1,8,4,loio_conformal,6,15.846436500549316
visa,pcb1,8,4,loio_conformal,7,14.522957801818848
visa,pcb2,1,0,patch_split_conformal,0,12.294386863708496
visa,pcb2,1,1,patch_split_conformal,0,16.03912925720215
visa,pcb2,1,2,patch_split_conformal,0,13.110898971557617
visa,pcb2,1,3,patch_split_conformal,0,14.404190063476562
visa,pcb2,1,4,patch_split_conformal,0,13.965967178344727
visa,pcb2,2,0,loio_conformal,0,18.666723251342773
visa,pcb2,2,0,loio_conformal,1,16.64603042602539
visa,pcb2,2,1,loio_conformal,0,19.405405044555664
visa,pcb2,2,1,loio_conformal,1,16.497013092041016
visa,pcb2,2,2,loio_conformal,0,15.370414733886719
visa,pcb2,2,2,loio_conformal,1,16.438112258911133
visa,pcb2,2,3,loio_conformal,0,16.374011993408203
visa,pcb2,2,3,loio_conformal,1,20.706501007080078
visa,pcb2,2,4,loio_conformal,0,19.096118927001953
visa,pcb2,2,4,loio_conformal,1,17.66524314880371
visa,pcb2,4,0,loio_conformal,0,17.08702278137207
visa,pcb2,4,0,loio_conformal,1,15.041154861450195
visa,pcb2,4,0,loio_conformal,2,15.111287117004395
visa,pcb2,4,0,loio_conformal,3,14.995539665222168
visa,pcb2,4,1,loio_conformal,0,16.794118881225586
visa,pcb2,4,1,loio_conformal,1,15.793779373168945
visa,pcb2,4,1,loio_conformal,2,15.530999183654785
visa,pcb2,4,1,loio_conformal,3,15.471872329711914
visa,pcb2,4,2,loio_conformal,0,14.773003578186035
visa,pcb2,4,2,loio_conformal,1,15.589922904968262
visa,pcb2,4,2,loio_conformal,2,20.256105422973633
visa,pcb2,4,2,loio_conformal,3,15.022268295288086
visa,pcb2,4,3,loio_conformal,0,18.055051803588867
visa,pcb2,4,3,loio_conformal,1,20.048070907592773
visa,pcb2,4,3,loio_conformal,2,15.053730964660645
visa,pcb2,4,3,loio_conformal,3,17.75938606262207
visa,pcb2,4,4,loio_conformal,0,17.23784828186035
visa,pcb2,4,4,loio_conformal,1,19.856225967407227
visa,pcb2,4,4,loio_conformal,2,15.679405212402344
visa,pcb2,4,4,loio_conformal,3,17.096303939819336
visa,pcb2,8,0,loio_conformal,0,17.62457847595215
visa,pcb2,8,0,loio_conformal,1,17.451648712158203
visa,pcb2,8,0,loio_conformal,2,16.190149307250977
visa,pcb2,8,0,loio_conformal,3,17.3746395111084
visa,pcb2,8,0,loio_conformal,4,14.686396598815918
visa,pcb2,8,0,loio_conformal,5,14.990296363830566
visa,pcb2,8,0,loio_conformal,6,14.387547492980957
visa,pcb2,8,0,loio_conformal,7,14.350570678710938
visa,pcb2,8,1,loio_conformal,0,15.752044677734375
visa,pcb2,8,1,loio_conformal,1,14.898282051086426
visa,pcb2,8,1,loio_conformal,2,17.369205474853516
visa,pcb2,8,1,loio_conformal,3,15.820013999938965
visa,pcb2,8,1,loio_conformal,4,14.948562622070312
visa,pcb2,8,1,loio_conformal,5,15.7030611038208
visa,pcb2,8,1,loio_conformal,6,14.998855590820312
visa,pcb2,8,1,loio_conformal,7,14.762214660644531
visa,pcb2,8,2,loio_conformal,0,14.740630149841309
visa,pcb2,8,2,loio_conformal,1,15.689742088317871
visa,pcb2,8,2,loio_conformal,2,14.381512641906738
visa,pcb2,8,2,loio_conformal,3,14.696173667907715
visa,pcb2,8,2,loio_conformal,4,16.94273567199707
visa,pcb2,8,2,loio_conformal,5,14.568766593933105
visa,pcb2,8,2,loio_conformal,6,20.942943572998047
visa,pcb2,8,2,loio_conformal,7,17.13129234313965
visa,pcb2,8,3,loio_conformal,0,15.94381046295166
visa,pcb2,8,3,loio_conformal,1,16.949451446533203
visa,pcb2,8,3,loio_conformal,2,16.03606605529785
visa,pcb2,8,3,loio_conformal,3,16.773588180541992
visa,pcb2,8,3,loio_conformal,4,15.08949089050293
visa,pcb2,8,3,loio_conformal,5,16.81975746154785
visa,pcb2,8,3,loio_conformal,6,15.018221855163574
visa,pcb2,8,3,loio_conformal,7,16.27682876586914
visa,pcb2,8,4,loio_conformal,0,14.630417823791504
visa,pcb2,8,4,loio_conformal,1,17.51341438293457
visa,pcb2,8,4,loio_conformal,2,16.557641983032227
visa,pcb2,8,4,loio_conformal,3,20.55674934387207
visa,pcb2,8,4,loio_conformal,4,15.086474418640137
visa,pcb2,8,4,loio_conformal,5,14.697972297668457
visa,pcb2,8,4,loio_conformal,6,14.599614143371582
visa,pcb2,8,4,loio_conformal,7,16.08250617980957
visa,pcb3,1,0,patch_split_conformal,0,15.661039352416992
visa,pcb3,1,1,patch_split_conformal,0,19.116621017456055
visa,pcb3,1,2,patch_split_conformal,0,16.309001922607422
visa,pcb3,1,3,patch_split_conformal,0,16.699033737182617
visa,pcb3,1,4,patch_split_conformal,0,16.10590171813965
visa,pcb3,2,0,loio_conformal,0,21.705289840698242
visa,pcb3,2,0,loio_conformal,1,20.54728126525879
visa,pcb3,2,1,loio_conformal,0,20.276397705078125
visa,pcb3,2,1,loio_conformal,1,20.46036720275879
visa,pcb3,2,2,loio_conformal,0,20.524490356445312
visa,pcb3,2,2,loio_conformal,1,21.701688766479492
visa,pcb3,2,3,loio_conformal,0,19.806550979614258
visa,pcb3,2,3,loio_conformal,1,15.83199405670166
visa,pcb3,2,4,loio_conformal,0,19.286710739135742
visa,pcb3,2,4,loio_conformal,1,21.653121948242188
visa,pcb3,4,0,loio_conformal,0,16.838186264038086
visa,pcb3,4,0,loio_conformal,1,17.935775756835938
visa,pcb3,4,0,loio_conformal,2,19.318904876708984
visa,pcb3,4,0,loio_conformal,3,16.852481842041016
visa,pcb3,4,1,loio_conformal,0,17.142549514770508
visa,pcb3,4,1,loio_conformal,1,21.068037033081055
visa,pcb3,4,1,loio_conformal,2,16.944459915161133
visa,pcb3,4,1,loio_conformal,3,17.00111198425293
visa,pcb3,4,2,loio_conformal,0,17.89056396484375
visa,pcb3,4,2,loio_conformal,1,16.820695877075195
visa,pcb3,4,2,loio_conformal,2,18.503232955932617
visa,pcb3,4,2,loio_conformal,3,19.934179306030273
visa,pcb3,4,3,loio_conformal,0,17.338743209838867
visa,pcb3,4,3,loio_conformal,1,20.968585968017578
visa,pcb3,4,3,loio_conformal,2,18.41078758239746
visa,pcb3,4,3,loio_conformal,3,15.6414794921875
visa,pcb3,4,4,loio_conformal,0,18.497732162475586
visa,pcb3,4,4,loio_conformal,1,19.685510635375977
visa,pcb3,4,4,loio_conformal,2,19.063230514526367
visa,pcb3,4,4,loio_conformal,3,16.272153854370117
visa,pcb3,8,0,loio_conformal,0,17.874738693237305
visa,pcb3,8,0,loio_conformal,1,17.375507354736328
visa,pcb3,8,0,loio_conformal,2,15.878173828125
visa,pcb3,8,0,loio_conformal,3,17.59747886657715
visa,pcb3,8,0,loio_conformal,4,16.823928833007812
visa,pcb3,8,0,loio_conformal,5,17.542957305908203
visa,pcb3,8,0,loio_conformal,6,19.127668380737305
visa,pcb3,8,0,loio_conformal,7,16.290889739990234
visa,pcb3,8,1,loio_conformal,0,16.87857437133789
visa,pcb3,8,1,loio_conformal,1,20.43330955505371
visa,pcb3,8,1,loio_conformal,2,18.785308837890625
visa,pcb3,8,1,loio_conformal,3,18.476797103881836
visa,pcb3,8,1,loio_conformal,4,16.951190948486328
visa,pcb3,8,1,loio_conformal,5,17.301483154296875
visa,pcb3,8,1,loio_conformal,6,16.786731719970703
visa,pcb3,8,1,loio_conformal,7,16.10087776184082
visa,pcb3,8,2,loio_conformal,0,17.123226165771484
visa,pcb3,8,2,loio_conformal,1,17.49650764465332
visa,pcb3,8,2,loio_conformal,2,16.719419479370117
visa,pcb3,8,2,loio_conformal,3,16.728784561157227
visa,pcb3,8,2,loio_conformal,4,17.8908634185791
visa,pcb3,8,2,loio_conformal,5,16.529565811157227
visa,pcb3,8,2,loio_conformal,6,16.743528366088867
visa,pcb3,8,2,loio_conformal,7,20.540096282958984
visa,pcb3,8,3,loio_conformal,0,16.000125885009766
visa,pcb3,8,3,loio_conformal,1,17.179731369018555
visa,pcb3,8,3,loio_conformal,2,15.88850212097168
visa,pcb3,8,3,loio_conformal,3,18.759380340576172
visa,pcb3,8,3,loio_conformal,4,20.113401412963867
visa,pcb3,8,3,loio_conformal,5,16.694660186767578
visa,pcb3,8,3,loio_conformal,6,17.99126434326172
visa,pcb3,8,3,loio_conformal,7,15.389077186584473
visa,pcb3,8,4,loio_conformal,0,20.91098403930664
visa,pcb3,8,4,loio_conformal,1,17.987775802612305
visa,pcb3,8,4,loio_conformal,2,17.43609046936035
visa,pcb3,8,4,loio_conformal,3,18.631128311157227
visa,pcb3,8,4,loio_conformal,4,17.74223518371582
visa,pcb3,8,4,loio_conformal,5,17.010324478149414
visa,pcb3,8,4,loio_conformal,6,17.195842742919922
visa,pcb3,8,4,loio_conformal,7,16.800012588500977
visa,pcb4,1,0,patch_split_conformal,0,14.23332691192627
visa,pcb4,1,1,patch_split_conformal,0,13.708314895629883
visa,pcb4,1,2,patch_split_conformal,0,13.104925155639648
visa,pcb4,1,3,patch_split_conformal,0,15.99384880065918
visa,pcb4,1,4,patch_split_conformal,0,17.221899032592773
visa,pcb4,2,0,loio_conformal,0,20.36855125427246
visa,pcb4,2,0,loio_conformal,1,17.4859561920166
visa,pcb4,2,1,loio_conformal,0,16.888259887695312
visa,pcb4,2,1,loio_conformal,1,23.369796752929688
visa,pcb4,2,2,loio_conformal,0,22.083377838134766
visa,pcb4,2,2,loio_conformal,1,27.886035919189453
visa,pcb4,2,3,loio_conformal,0,18.48914909362793
visa,pcb4,2,3,loio_conformal,1,17.49938201904297
visa,pcb4,2,4,loio_conformal,0,18.33200454711914
visa,pcb4,2,4,loio_conformal,1,23.15043067932129
visa,pcb4,4,0,loio_conformal,0,19.50208854675293
visa,pcb4,4,0,loio_conformal,1,16.18375015258789
visa,pcb4,4,0,loio_conformal,2,16.5172061920166
visa,pcb4,4,0,loio_conformal,3,16.1896915435791
visa,pcb4,4,1,loio_conformal,0,16.448726654052734
visa,pcb4,4,1,loio_conformal,1,17.358951568603516
visa,pcb4,4,1,loio_conformal,2,18.341859817504883
visa,pcb4,4,1,loio_conformal,3,16.152118682861328
visa,pcb4,4,2,loio_conformal,0,16.87784194946289
visa,pcb4,4,2,loio_conformal,1,17.550506591796875
visa,pcb4,4,2,loio_conformal,2,21.255395889282227
visa,pcb4,4,2,loio_conformal,3,19.509191513061523
visa,pcb4,4,3,loio_conformal,0,16.591501235961914
visa,pcb4,4,3,loio_conformal,1,17.62982749938965
visa,pcb4,4,3,loio_conformal,2,16.888168334960938
visa,pcb4,4,3,loio_conformal,3,15.899270057678223
visa,pcb4,4,4,loio_conformal,0,17.56345558166504
visa,pcb4,4,4,loio_conformal,1,17.350631713867188
visa,pcb4,4,4,loio_conformal,2,16.92592430114746
visa,pcb4,4,4,loio_conformal,3,18.768360137939453
visa,pcb4,8,0,loio_conformal,0,14.361186027526855
visa,pcb4,8,0,loio_conformal,1,17.004806518554688
visa,pcb4,8,0,loio_conformal,2,18.85601806640625
visa,pcb4,8,0,loio_conformal,3,13.858015060424805
visa,pcb4,8,0,loio_conformal,4,22.5170955657959
visa,pcb4,8,0,loio_conformal,5,15.647032737731934
visa,pcb4,8,0,loio_conformal,6,16.424640655517578
visa,pcb4,8,0,loio_conformal,7,15.612791061401367
visa,pcb4,8,1,loio_conformal,0,15.337199211120605
visa,pcb4,8,1,loio_conformal,1,18.125547409057617
visa,pcb4,8,1,loio_conformal,2,17.266462326049805
visa,pcb4,8,1,loio_conformal,3,15.939330101013184
visa,pcb4,8,1,loio_conformal,4,14.600339889526367
visa,pcb4,8,1,loio_conformal,5,16.486379623413086
visa,pcb4,8,1,loio_conformal,6,14.710270881652832
visa,pcb4,8,1,loio_conformal,7,17.057382583618164
visa,pcb4,8,2,loio_conformal,0,14.787306785583496
visa,pcb4,8,2,loio_conformal,1,16.894638061523438
visa,pcb4,8,2,loio_conformal,2,16.627933502197266
visa,pcb4,8,2,loio_conformal,3,19.121856689453125
visa,pcb4,8,2,loio_conformal,4,16.742292404174805
visa,pcb4,8,2,loio_conformal,5,16.585086822509766
visa,pcb4,8,2,loio_conformal,6,16.97764778137207
visa,pcb4,8,2,loio_conformal,7,21.043893814086914
visa,pcb4,8,3,loio_conformal,0,22.14706802368164
visa,pcb4,8,3,loio_conformal,1,16.133302688598633
visa,pcb4,8,3,loio_conformal,2,15.526338577270508
visa,pcb4,8,3,loio_conformal,3,16.846071243286133
visa,pcb4,8,3,loio_conformal,4,15.866559982299805
visa,pcb4,8,3,loio_conformal,5,14.45598316192627
visa,pcb4,8,3,loio_conformal,6,16.746889114379883
visa,pcb4,8,3,loio_conformal,7,15.460333824157715
visa,pcb4,8,4,loio_conformal,0,16.449932098388672
visa,pcb4,8,4,loio_conformal,1,16.912988662719727
visa,pcb4,8,4,loio_conformal,2,14.405006408691406
visa,pcb4,8,4,loio_conformal,3,16.578336715698242
visa,pcb4,8,4,loio_conformal,4,17.165159225463867
visa,pcb4,8,4,loio_conformal,5,15.080920219421387
visa,pcb4,8,4,loio_conformal,6,16.927644729614258
visa,pcb4,8,4,loio_conformal,7,17.959369659423828
visa,pipe_fryum,1,0,patch_split_conformal,0,12.493937492370605
visa,pipe_fryum,1,1,patch_split_conformal,0,11.072671890258789
visa,pipe_fryum,1,2,patch_split_conformal,0,10.203696250915527
visa,pipe_fryum,1,3,patch_split_conformal,0,15.921357154846191
visa,pipe_fryum,1,4,patch_split_conformal,0,10.492836952209473
visa,pipe_fryum,2,0,loio_conformal,0,22.630102157592773
visa,pipe_fryum,2,0,loio_conformal,1,20.012182235717773
visa,pipe_fryum,2,1,loio_conformal,0,23.054311752319336
visa,pipe_fryum,2,1,loio_conformal,1,23.864805221557617
visa,pipe_fryum,2,2,loio_conformal,0,24.80743408203125
visa,pipe_fryum,2,2,loio_conformal,1,24.434860229492188
visa,pipe_fryum,2,3,loio_conformal,0,20.65547752380371
visa,pipe_fryum,2,3,loio_conformal,1,30.01315689086914
visa,pipe_fryum,2,4,loio_conformal,0,20.15411376953125
visa,pipe_fryum,2,4,loio_conformal,1,22.488025665283203
visa,pipe_fryum,4,0,loio_conformal,0,17.07736587524414
visa,pipe_fryum,4,0,loio_conformal,1,17.20452117919922
visa,pipe_fryum,4,0,loio_conformal,2,19.79971694946289
visa,pipe_fryum,4,0,loio_conformal,3,22.333776473999023
visa,pipe_fryum,4,1,loio_conformal,0,20.344327926635742
visa,pipe_fryum,4,1,loio_conformal,1,18.635862350463867
visa,pipe_fryum,4,1,loio_conformal,2,21.516054153442383
visa,pipe_fryum,4,1,loio_conformal,3,22.854372024536133
visa,pipe_fryum,4,2,loio_conformal,0,19.50019645690918
visa,pipe_fryum,4,2,loio_conformal,1,31.003665924072266
visa,pipe_fryum,4,2,loio_conformal,2,18.154104232788086
visa,pipe_fryum,4,2,loio_conformal,3,17.4268856048584
visa,pipe_fryum,4,3,loio_conformal,0,16.087793350219727
visa,pipe_fryum,4,3,loio_conformal,1,20.22245216369629
visa,pipe_fryum,4,3,loio_conformal,2,25.08888053894043
visa,pipe_fryum,4,3,loio_conformal,3,21.748117446899414
visa,pipe_fryum,4,4,loio_conformal,0,17.625831604003906
visa,pipe_fryum,4,4,loio_conformal,1,19.45939064025879
visa,pipe_fryum,4,4,loio_conformal,2,17.57464599609375
visa,pipe_fryum,4,4,loio_conformal,3,18.369638442993164
visa,pipe_fryum,8,0,loio_conformal,0,19.07782554626465
visa,pipe_fryum,8,0,loio_conformal,1,15.393564224243164
visa,pipe_fryum,8,0,loio_conformal,2,15.711652755737305
visa,pipe_fryum,8,0,loio_conformal,3,18.94143295288086
visa,pipe_fryum,8,0,loio_conformal,4,13.77012825012207
visa,pipe_fryum,8,0,loio_conformal,5,17.87525749206543
visa,pipe_fryum,8,0,loio_conformal,6,18.234806060791016
visa,pipe_fryum,8,0,loio_conformal,7,21.747249603271484
visa,pipe_fryum,8,1,loio_conformal,0,19.704809188842773
visa,pipe_fryum,8,1,loio_conformal,1,19.34556770324707
visa,pipe_fryum,8,1,loio_conformal,2,16.457874298095703
visa,pipe_fryum,8,1,loio_conformal,3,14.571756362915039
visa,pipe_fryum,8,1,loio_conformal,4,19.40053367614746
visa,pipe_fryum,8,1,loio_conformal,5,16.664670944213867
visa,pipe_fryum,8,1,loio_conformal,6,18.420299530029297
visa,pipe_fryum,8,1,loio_conformal,7,19.652475357055664
visa,pipe_fryum,8,2,loio_conformal,0,18.21896743774414
visa,pipe_fryum,8,2,loio_conformal,1,29.099489212036133
visa,pipe_fryum,8,2,loio_conformal,2,16.28941535949707
visa,pipe_fryum,8,2,loio_conformal,3,18.778461456298828
visa,pipe_fryum,8,2,loio_conformal,4,15.983131408691406
visa,pipe_fryum,8,2,loio_conformal,5,15.905491828918457
visa,pipe_fryum,8,2,loio_conformal,6,16.113462448120117
visa,pipe_fryum,8,2,loio_conformal,7,16.885011672973633
visa,pipe_fryum,8,3,loio_conformal,0,16.874507904052734
visa,pipe_fryum,8,3,loio_conformal,1,13.083915710449219
visa,pipe_fryum,8,3,loio_conformal,2,15.141670227050781
visa,pipe_fryum,8,3,loio_conformal,3,18.651594161987305
visa,pipe_fryum,8,3,loio_conformal,4,18.15720558166504
visa,pipe_fryum,8,3,loio_conformal,5,22.2841739654541
visa,pipe_fryum,8,3,loio_conformal,6,16.244626998901367
visa,pipe_fryum,8,3,loio_conformal,7,20.433612823486328
visa,pipe_fryum,8,4,loio_conformal,0,16.946744918823242
visa,pipe_fryum,8,4,loio_conformal,1,18.118412017822266
visa,pipe_fryum,8,4,loio_conformal,2,15.654597282409668
visa,pipe_fryum,8,4,loio_conformal,3,15.740920066833496
visa,pipe_fryum,8,4,loio_conformal,4,18.20158576965332
visa,pipe_fryum,8,4,loio_conformal,5,17.81772232055664
visa,pipe_fryum,8,4,loio_conformal,6,16.778215408325195
visa,pipe_fryum,8,4,loio_conformal,7,18.952953338623047
